user_id,household_size,num_adults,num_children,location_type,life_stage,employment_status,monthly_household_income,income_stability,credit_score,total_debt,monthly_debt_payments,rent_or_mortgage,savings_goal_monthly,has_health_insurance,financial_goal_type,emergency_fund_months,savings_rate_percentage,debt_to_income_ratio,housing_cost_ratio,monthly_savings_actual,financial_health_score,optimization_priority
1e925480-2cdc-4163-8902-441061f38483,4,2,2,urban,young_family,employed,9658,stable,583,153902.84,7351.29,3236.71,1508.51,False,home,0.0,-63.22,76.12,33.51,-6105.87,0,critical
f5b7ea8c-86a6-4c31-9821-9edad0757d01,1,1,0,suburban,young_professional,employed,4481,stable,416,27270.12,1241.34,1894.7,803.77,True,emergency_fund,0.0,-11.94,27.7,42.28,-534.87,2,critical
e99469b1-ffcc-4fe0-bfa6-a24552ea24bd,2,2,0,urban,empty_nesters,employed,7663,variable,682,252457.81,9533.79,1411.54,1387.32,False,retirement,0.0,-71.12,124.41,18.42,-5449.76,0,critical
0fd47901-d782-4546-98d9-0066369672d1,1,1,0,rural,young_professional,employed,3130,seasonal,366,76017.45,2526.46,508.35,600.73,False,emergency_fund,0.0,-75.99,80.72,16.24,-2378.59,0,critical
0f6bf826-a903-435d-bfe0-ae2da4cbcb82,2,2,0,urban,retiree,retired,5616,seasonal,446,16722.02,350.21,2143.08,669.89,True,other,2.87,15.46,6.24,38.16,868.24,76,low
a7ea008e-b2c6-499d-87d0-dd33a7cc9337,3,2,1,rural,young_family,employed,7097,stable,441,150747.43,5701.32,1795.39,1083.39,True,home,0.0,-51.72,80.33,25.3,-3670.66,0,critical
072108ed-da49-4391-bf02-5ce580d47d9f,4,2,2,suburban,established_family,employed,14898,seasonal,850,491003.18,16476.37,5159.1,1253.58,True,retirement,0.0,-65.43,110.59,34.63,-9747.45,0,critical
2f6d4516-a531-4068-8105-27d94d5803a3,1,1,0,urban,retiree,retired,4320,stable,394,9055.6,223.2,1103.22,352.05,True,other,2.83,10.41,5.17,25.54,449.59,68,low
419185c7-8416-47bf-8bbe-87a0dd7f5b7c,1,1,0,suburban,young_professional,employed,6676,stable,570,239564.11,6621.03,1787.61,1095.1,True,emergency_fund,0.0,-51.88,99.18,26.78,-3463.4,0,critical
cf173f79-2aaf-49a6-be29-6db7db285f76,1,1,0,urban,young_professional,employed,5981,stable,536,162497.22,7480.71,1371.43,716.0,True,emergency_fund,0.0,-74.72,125.07,22.93,-4469.04,0,critical
e047c53f-31ed-493b-94c0-aa01034f0816,2,2,0,suburban,empty_nesters,employed,10268,stable,631,341046.31,9575.77,3112.01,987.77,True,retirement,0.0,-45.06,93.26,30.31,-4626.67,0,critical
e9dbe455-15e4-4e72-9df0-e2cc92a604b8,6,2,4,suburban,established_family,employed,11606,stable,764,198627.99,3443.47,3264.45,1067.43,True,retirement,0.0,-1.72,29.67,28.13,-200.01,15,critical
4d3aa96b-5aca-4977-bbbe-61658dd93a28,2,2,0,rural,retiree,retired,4323,stable,359,19897.97,987.92,648.45,265.32,True,other,2.29,12.14,22.85,15.0,524.92,53,medium
566d9ca1-1e79-4a45-85e2-9363ed2211dd,1,1,0,rural,retiree,retired,2841,seasonal,313,336.96,6.29,426.15,323.51,True,other,11.43,42.19,0.22,15.0,1198.7,99,none
9812a10e-d252-4d95-a934-cd040dab1b2b,6,2,4,urban,established_family,employed,10464,stable,639,18039.35,368.5,2914.8,1454.15,True,retirement,2.49,14.09,3.52,27.86,1474.88,75,low
471eeec9-7612-465b-9741-690939ebb9f2,1,1,0,urban,young_professional,employed,6422,stable,658,64611.72,1788.81,1803.31,1083.05,False,emergency_fund,1.38,7.77,27.85,28.08,498.92,38,high
26829c61-7cda-489e-bcf8-7e8c26d87946,1,1,0,urban,young_professional,employed,6135,stable,492,82318.34,3471.84,1503.52,708.16,True,emergency_fund,0.0,-27.01,56.59,24.51,-1656.87,0,critical
d0aa3cba-8cbb-4886-ba69-fd22cf4c8524,4,2,2,urban,established_family,employed,8674,variable,574,21968.78,730.73,4068.77,623.95,False,retirement,0.0,-2.65,8.42,46.91,-229.82,32,high
869e6c72-5ba5-4079-a6db-7ce60b5ceaed,1,1,0,urban,young_professional,employed,5880,stable,471,41373.54,607.75,2386.8,702.31,True,emergency_fund,0.17,0.88,10.34,40.59,51.59,38,high
a4794793-d85d-4478-af54-a89ad7347c5d,4,2,2,urban,young_family,employed,7305,variable,645,64225.15,2599.43,2301.12,1214.31,True,home,0.0,-16.61,35.58,31.5,-1213.11,0,critical
7d7a2545-2948-4cb5-9184-6cbd261f8718,4,2,2,suburban,young_family,employed,7364,variable,651,68126.79,1946.57,2219.54,1141.24,True,home,0.0,-10.31,26.43,30.14,-759.26,3,critical
980dc22b-0085-4b7e-b4bf-13fe355aea1b,4,2,2,urban,young_family,employed,7838,stable,535,135697.92,3384.98,1418.13,990.76,True,home,0.0,-20.08,43.19,18.09,-1573.96,0,critical
b3081270-7436-4bc4-8eef-e7a7776a0106,4,2,2,urban,young_family,employed,6255,stable,542,222129.72,9570.89,2076.68,716.14,False,home,0.0,-152.62,153.01,33.2,-9546.22,0,critical
f51da21c-5661-4a99-a362-aefef85fae1f,1,1,0,rural,young_professional,employed,3472,stable,453,83919.51,2155.08,1034.45,574.47,True,emergency_fund,0.0,-58.47,62.07,29.79,-2030.12,0,critical
e7d4fd0b-9459-4c4e-8791-bfdf21b995e3,4,2,2,suburban,established_family,employed,14472,stable,628,324402.17,13427.69,6033.74,1994.14,True,retirement,0.0,-73.85,92.78,41.69,-10687.61,0,critical
5f14f3ce-175a-4649-8d78-ca12945abd5c,3,2,1,urban,young_family,employed,6728,stable,606,155627.69,6022.62,3172.69,617.31,True,home,0.0,-68.34,89.52,47.16,-4597.78,0,critical
b67b753a-9726-46dd-bbf3-b59d4284be2a,5,2,3,urban,established_family,employed,8561,stable,649,67777.0,2404.45,4280.5,860.08,True,retirement,0.0,-27.75,28.09,50.0,-2375.7,1,critical
5d713bdf-a762-4fee-b3de-56da7b52dc98,1,1,0,urban,retiree,retired,5487,stable,503,11204.96,409.0,1063.94,419.42,True,other,8.9,29.77,7.45,19.39,1633.62,93,none
799a8e52-4208-4d2b-8eb4-7324d170a4b6,1,1,0,suburban,young_professional,employed,5368,stable,463,20317.07,342.7,2126.35,542.53,True,emergency_fund,1.52,7.93,6.38,39.61,425.62,58,medium
5c2aff69-84f9-470d-88e8-32c5ae8f4b4d,3,2,1,suburban,young_family,employed,8403,variable,529,49275.42,1829.48,3329.79,1662.16,True,home,0.0,-6.19,21.77,39.63,-520.54,14,critical
58522f7a-c568-41bb-803e-0600a2e84856,1,1,0,urban,young_professional,employed,6781,stable,635,74260.22,1620.38,1628.78,1006.38,True,emergency_fund,4.92,23.7,23.9,24.02,1607.29,75,low
f79d396e-3483-4320-ade7-b04828f97dd1,3,2,1,urban,young_family,employed,9386,variable,658,175343.81,2913.42,2742.06,810.7,True,home,1.53,10.11,31.04,29.21,948.9,40,medium
b142d5eb-41d3-4a91-8fac-4b033fd5dc55,1,1,0,suburban,young_professional,employed,5687,stable,433,41859.46,1486.74,1371.98,1037.38,True,emergency_fund,0.47,2.6,26.14,24.12,147.85,27,high
31481eff-6670-4109-90f3-7ff5032a4cff,1,1,0,rural,young_professional,employed,5367,stable,425,111596.56,1474.07,1096.96,586.58,False,emergency_fund,3.04,16.2,27.47,20.44,869.62,59,medium
d011bf18-dceb-4184-aaba-0fcd5160bbfd,3,2,1,suburban,young_family,employed,6537,stable,413,10925.83,173.72,2013.55,1241.11,True,home,1.5,7.74,2.66,30.8,505.76,61,low
4d8885c9-38d1-4fe9-a320-5e432e7246c4,2,2,0,rural,empty_nesters,employed,7770,stable,583,65595.16,2428.43,2594.24,1316.26,False,retirement,0.0,-5.62,31.25,33.39,-436.52,6,critical
93ae0b8a-fa60-4340-b5b0-7e9be8d1840f,1,1,0,suburban,young_professional,employed,5988,stable,502,31728.1,1185.32,1435.01,445.2,True,emergency_fund,4.23,20.57,19.79,23.96,1231.78,76,low
dfb1fe4f-c78c-4c92-b6fa-97f4d791a310,6,2,4,suburban,established_family,employed,8275,variable,477,153023.72,6072.78,2016.34,795.21,True,retirement,0.0,-78.4,73.39,24.37,-6487.25,0,critical
04e610ea-430e-4b1d-9509-4d6fcd424129,5,2,3,rural,established_family,employed,8062,stable,717,142800.41,6889.87,1681.97,964.39,True,retirement,0.0,-51.95,85.46,20.86,-4188.18,0,critical
bb996231-8149-411f-9dae-56e4de0a6014,1,1,0,urban,retiree,retired,4682,stable,529,17613.09,198.3,1019.78,474.95,True,other,14.47,46.7,4.24,21.78,2186.38,96,none
9456c1c6-d7e8-4c6c-a921-b4efac98a5d2,3,2,1,suburban,young_family,employed,6302,variable,591,53804.09,2448.63,2507.55,1202.84,True,home,0.0,-22.4,38.85,39.79,-1411.62,0,critical
57d5aa8d-6af9-4e1d-bc22-4bdc39f716b6,1,1,0,urban,young_professional,employed,6530,stable,593,75475.58,779.91,2843.74,1113.6,True,emergency_fund,1.34,7.42,11.94,43.55,484.51,52,medium
d9c7b889-7378-4591-a7b8-15d28c911bc5,2,2,0,urban,empty_nesters,employed,12996,variable,799,237470.89,4200.71,4904.52,1131.98,True,retirement,2.3,14.96,32.32,37.74,1943.65,50,medium
6842d76d-846f-4013-a83e-349d60bfeac7,1,1,0,urban,young_professional,employed,6048,stable,476,117605.56,2598.93,907.2,358.67,True,emergency_fund,2.7,16.01,42.97,15.0,968.22,43,medium
be85d747-75d8-490d-822c-15aa5721ed59,4,2,2,urban,young_family,employed,9143,stable,601,69200.84,804.7,2993.91,1280.08,True,home,3.04,17.59,8.8,32.75,1608.62,78,low
4eb29c3c-e0f0-42cb-9bd5-5ad0d1820e63,5,2,3,rural,established_family,employed,9249,variable,547,321802.54,8749.26,2918.15,690.58,False,retirement,0.0,-93.96,94.6,31.55,-8689.98,0,critical
b91206c5-411b-40c4-963d-9034d2d0dfab,4,2,2,suburban,young_family,employed,8566,variable,572,63808.76,1240.43,2059.53,1035.41,True,home,3.4,19.25,14.48,24.04,1648.88,77,low
32421503-3037-4c05-8c62-622c4f367b6a,1,1,0,urban,young_professional,employed,6015,seasonal,597,12939.98,202.49,2839.27,336.38,True,emergency_fund,6.22,31.85,3.37,47.2,1915.57,96,none
f7633e17-0454-4fe1-8d6c-cee179f02958,3,2,1,suburban,young_family,employed,6940,stable,489,42553.89,1945.28,1506.06,889.37,True,home,0.0,-5.07,28.03,21.7,-351.54,10,critical
d900c35f-6eb0-4cc2-8617-bed8c1da48dc,1,1,0,rural,retiree,retired,4364,stable,480,4870.03,54.39,1718.18,310.36,True,other,3.71,17.48,1.25,39.37,762.91,87,none
caf1302b-8340-4e4a-ac22-165169cabe87,2,2,0,urban,empty_nesters,employed,11098,variable,740,189488.87,2489.88,2619.96,1754.49,True,retirement,5.95,27.52,22.44,23.61,3053.72,79,low
4b906798-3a11-4908-9190-43a10658ed30,4,2,2,rural,established_family,employed,13290,variable,749,210778.04,5224.79,4236.31,2041.14,True,retirement,0.0,-2.84,39.31,31.88,-377.91,4,critical
994d98e5-a692-44b7-afbf-e348aa274be9,4,2,2,urban,young_family,employed,5754,stable,522,89761.11,3165.22,2221.77,987.47,True,home,0.0,-53.44,55.01,38.61,-3074.72,0,critical
48dcbc55-f1b6-4e8b-9a2d-515a8b9a1db5,2,2,0,urban,empty_nesters,employed,8292,variable,682,217662.36,8202.87,1802.29,1507.3,True,retirement,0.0,-41.33,98.93,21.74,-3426.99,0,critical
8174d920-3a54-4623-bf4e-70c2036ad869,3,2,1,urban,young_family,employed,6026,stable,612,17926.62,316.04,1078.49,638.46,False,home,4.01,19.38,5.24,17.9,1167.98,88,none
754a3184-7193-439c-89a6-dc28674bc94f,4,2,2,urban,established_family,employed,10436,variable,686,177258.67,2468.62,2126.12,1165.22,False,retirement,2.94,17.53,23.65,20.37,1829.03,64,low
5d948e3f-cd1d-41b4-a30e-6f73c435a3ff,3,2,1,suburban,young_family,employed,9907,stable,741,125805.9,1880.76,3396.19,1715.57,True,home,3.84,22.92,18.98,34.28,2270.5,76,low
53c9881a-a570-46d7-8c05-e25f4459c467,1,1,0,urban,young_professional,employed,6911,stable,598,105448.32,4540.24,2004.14,1342.09,False,emergency_fund,0.0,-24.35,65.7,29.0,-1683.06,0,critical
4a6ccb34-ffe4-4fb9-9ac7-6a7ae67022d8,3,2,1,rural,young_family,employed,5929,variable,444,58422.56,1961.91,1526.92,863.94,True,home,0.0,-12.12,33.09,25.75,-718.33,0,critical
b4cc105b-f0a6-4a45-91e4-a3981492f38e,5,2,3,urban,established_family,employed,11035,seasonal,659,389449.67,15000.19,3336.59,1485.67,False,retirement,0.0,-112.77,135.93,30.24,-12444.34,0,critical
e8c426d9-1a32-4db2-9170-8883c320db22,1,1,0,suburban,young_professional,employed,5495,stable,473,24536.98,945.88,2080.64,612.95,True,emergency_fund,0.97,5.66,17.21,37.86,311.22,43,medium
3537242f-c1d3-4d74-bc08-a80fea51449f,2,2,0,urban,empty_nesters,employed,8530,stable,568,187674.29,5020.88,2468.82,567.24,True,retirement,0.0,-21.06,58.86,28.94,-1796.58,0,critical
f86d2ef8-adcf-40b7-a0e7-3a9fa3aac152,3,2,1,rural,young_family,employed,5618,stable,449,50271.66,1359.65,842.7,1109.51,True,home,0.34,2.02,24.2,15.0,113.22,28,high
ecffd809-11e2-4819-b7f5-539656124a92,1,1,0,rural,young_professional,employed,6715,seasonal,439,101549.32,3636.06,1841.21,434.51,True,emergency_fund,0.0,-21.71,54.15,27.42,-1457.78,0,critical
392fc1a5-a66f-4577-8f1a-9baf000529b2,4,2,2,urban,young_family,employed,8288,stable,581,211480.72,7548.91,2235.74,1407.0,True,home,0.0,-64.05,91.08,26.98,-5308.26,0,critical
660480be-b93d-463a-b297-a1d31ad3eba2,6,2,4,suburban,established_family,employed,13355,seasonal,821,173053.15,3806.28,2510.5,1818.62,True,retirement,3.22,20.63,28.5,18.8,2755.53,65,low
8fa31073-59c4-4f47-8d4b-32b1b125d616,2,2,0,suburban,retiree,retired,3010,stable,435,19067.07,603.67,671.84,228.47,False,other,0.0,-18.4,20.06,22.32,-553.73,9,critical
33e84282-26e5-44bf-8b5e-1f56656d861b,1,1,0,urban,young_professional,employed,6668,stable,554,98898.06,2931.04,1152.6,376.76,False,emergency_fund,1.74,10.57,43.96,17.29,704.73,29,high
3685ea78-189f-4144-b800-79d574aa1c93,2,2,0,rural,retiree,retired,3088,stable,329,1168.13,33.02,531.02,424.2,True,other,3.51,14.39,1.07,17.2,444.34,81,none
ea8cfd44-791d-43ba-8eb9-652dd8884ed0,3,2,1,suburban,young_family,employed,9488,variable,623,132823.74,1895.07,1423.2,1438.42,True,home,4.48,20.36,19.97,15.0,1931.94,77,low
8b079b98-eea1-444d-bc43-1e69d47d9a94,4,2,2,urban,young_family,employed,9338,stable,658,274887.46,12483.37,2539.57,687.51,True,home,0.0,-102.18,133.68,27.2,-9541.16,0,critical
1dc9985e-36e7-49dd-8ffb-ccb7a14bfa2e,3,2,1,rural,young_family,employed,5337,stable,452,188853.64,6529.18,1777.62,284.16,True,home,0.0,-107.35,122.34,33.31,-5729.26,0,critical
bc51205f-8678-4252-b5f9-c45fd2ac1455,3,2,1,urban,young_family,employed,5891,variable,453,163177.4,6279.13,1786.33,884.32,True,home,0.0,-81.44,106.59,30.32,-4797.84,0,critical
b2809f07-b77d-464c-b771-3dc7fe6ecaaa,1,1,0,suburban,young_professional,employed,4977,stable,470,152982.82,4511.61,1317.45,828.74,True,emergency_fund,0.0,-54.17,90.65,26.47,-2695.98,0,critical
3fd55a3f-6fac-400c-b7e6-71e9b817c2aa,4,2,2,urban,young_family,employed,6843,variable,612,126489.3,2053.36,2053.5,1315.75,True,home,0.0,-13.67,30.01,30.01,-935.22,0,critical
c8ca5224-5c79-45ad-aadf-d8259b809cd1,1,1,0,rural,young_professional,employed,4168,stable,428,14827.37,214.87,1408.67,588.11,True,emergency_fund,4.85,23.79,5.16,33.8,991.7,91,none
0e681788-ecdc-4eec-a682-861ff50cbe6f,2,2,0,suburban,empty_nesters,employed,10177,stable,742,107684.72,3297.36,2441.59,1638.49,True,retirement,3.9,21.95,32.4,23.99,2233.61,64,low
4c28246e-fc82-47f4-a551-024237e1e6a7,4,2,2,suburban,young_family,employed,5790,stable,389,97232.87,1093.6,1639.87,848.76,True,home,0.0,-3.82,18.89,28.32,-221.27,21,high
b52ca189-632b-412d-88ac-c4e714df2d31,1,1,0,urban,young_professional,employed,6620,variable,548,152598.77,1602.31,2311.88,720.78,True,emergency_fund,3.29,18.91,24.2,34.92,1251.89,67,low
f16d9080-87d3-4a14-afdf-af896ab29598,1,1,0,suburban,retiree,retired,4429,variable,441,20277.36,596.68,791.74,361.35,True,other,6.44,27.15,13.47,17.88,1202.42,87,none
e7c14d53-0d94-4031-b7cd-20c79a1f9e72,4,2,2,urban,young_family,employed,6953,stable,553,216743.66,5173.18,2180.34,357.63,True,home,0.0,-62.56,74.4,31.36,-4349.61,0,critical
a1e6e1a7-690b-4dd1-9ee5-0a4e784b2a85,2,2,0,urban,empty_nesters,employed,12045,seasonal,767,273525.85,3966.27,5417.71,1859.19,False,retirement,0.0,-2.34,32.93,44.98,-282.14,11,critical
01c295cc-72ba-44d5-9023-442c4e7588d4,6,2,4,suburban,established_family,employed,14356,variable,850,474762.63,18221.19,5247.87,2159.56,False,retirement,0.0,-105.06,126.92,36.56,-15082.56,0,critical
6dba9409-1285-4df8-80d7-923ed665b527,1,1,0,rural,young_professional,employed,5495,stable,487,54278.58,850.28,824.25,396.46,True,emergency_fund,8.7,32.46,15.47,15.0,1783.72,85,none
27accef0-3194-478f-8b41-fcc6f42da471,4,2,2,urban,young_family,employed,5091,stable,378,135455.85,5860.55,2027.75,385.52,True,home,0.0,-140.43,115.12,39.83,-7149.22,0,critical
71663bd5-f8f1-49e4-919b-c44814e62ce9,2,2,0,urban,empty_nesters,employed,12141,stable,692,318606.89,13142.13,4074.8,1614.31,True,retirement,0.0,-60.2,108.25,33.56,-7309.28,0,critical
f6eb1d9d-2e3a-407e-ac02-9eef1b4c7691,3,2,1,urban,young_family,employed,7916,stable,612,173994.97,6123.93,2007.18,904.38,True,home,0.0,-38.74,77.36,25.36,-3066.34,0,critical
3f69980c-30b3-4d7e-b6f5-333c2e65fee0,5,2,3,suburban,established_family,employed,14504,stable,850,136678.76,4168.16,2927.16,2143.64,True,retirement,3.7,21.96,28.74,20.18,3184.41,66,low
76184259-ad19-413a-9bc2-5f25f4a2d503,1,1,0,suburban,young_professional,employed,6356,stable,613,85569.5,1172.88,2992.98,806.87,True,emergency_fund,0.0,-3.38,18.45,47.09,-215.07,22,high
5ed5a129-5fb7-4b10-91d4-5b64adb0beae,4,2,2,urban,established_family,employed,13167,stable,815,72274.5,2287.08,4329.68,1745.64,True,retirement,3.84,22.12,17.37,32.88,2913.08,77,low
b53d421c-965a-4bd4-ac1a-2d31f343132c,4,2,2,suburban,young_family,employed,8102,stable,687,289040.21,4279.51,3247.17,1487.48,True,home,0.0,-37.66,52.82,40.08,-3051.01,0,critical
b11ef4c5-3e41-4bad-b1a4-f2cd2a03be74,3,2,1,rural,young_family,employed,6096,stable,528,102850.45,3713.52,1815.83,511.06,False,home,0.0,-42.61,60.92,29.79,-2597.5,0,critical
e7d9d453-4d9e-43aa-8a2c-06f8df22f2e3,2,2,0,rural,empty_nesters,employed,8959,stable,670,35983.22,1116.01,3083.04,818.32,True,retirement,4.59,22.89,12.46,34.41,2051.06,84,none
fe223bbc-30bc-49cd-907f-3e665394eda9,2,2,0,urban,empty_nesters,employed,12165,stable,815,66747.92,3191.01,2884.37,810.43,True,retirement,7.9,37.85,26.23,23.71,4604.67,76,low
7bb8559c-da9e-4b06-8a09-daca5be0a8c1,1,1,0,suburban,young_professional,employed,4863,stable,550,40416.93,1072.43,1135.41,688.46,True,emergency_fund,3.83,21.39,22.05,23.35,1040.01,73,low
340d1fd9-ae72-4df0-b9e7-f7a7373cc473,1,1,0,suburban,young_professional,employed,5813,stable,621,92249.09,2469.91,2643.8,1131.98,True,emergency_fund,0.0,-19.86,42.49,45.48,-1154.68,0,critical
0b5de332-82ee-469f-8e66-61d822771584,3,2,1,urban,young_family,employed,8422,variable,396,203386.63,6752.65,2533.84,1498.36,False,home,0.0,-73.76,80.18,30.09,-6211.73,0,critical
2629b32d-6950-49d2-9481-918a1d02ef32,5,2,3,suburban,established_family,employed,8361,stable,579,235307.47,10484.64,2878.08,1178.96,False,retirement,0.0,-127.43,125.4,34.42,-10654.49,0,critical
bd958a0a-b750-4491-89d2-1ad07dc7064f,3,2,1,suburban,young_family,employed,9758,stable,688,109089.48,3796.1,3684.36,619.18,True,home,0.0,-7.94,38.9,37.76,-774.4,0,critical
d5b5ccab-4dfe-4af7-9873-24ac023e9f10,3,2,1,urban,young_family,employed,8716,stable,697,109023.62,2135.19,4101.74,1742.64,True,home,0.0,-0.11,24.5,47.06,-9.38,22,high
fecb13f0-86df-42dc-9a92-3cccff19643e,4,2,2,rural,young_family,employed,8869,stable,512,172813.58,7306.43,2287.1,759.8,True,home,0.0,-61.6,82.38,25.79,-5462.94,0,critical
28a33545-2ce3-4a8c-a26d-989fd0bdbca6,2,2,0,urban,empty_nesters,employed,8564,seasonal,530,115760.75,4774.95,2584.92,1455.34,True,retirement,0.0,-14.28,55.76,30.18,-1222.9,0,critical
6104440c-55ce-4e85-99ee-8de4e7a506e1,2,2,0,suburban,empty_nesters,employed,9627,stable,470,212606.26,9062.62,1962.49,1273.38,True,retirement,0.0,-62.28,94.14,20.39,-5995.37,0,critical
f95946a9-965f-423a-ba06-5c49c1dac4e6,2,2,0,urban,empty_nesters,employed,11409,stable,754,182521.52,8075.68,4856.38,1231.94,True,retirement,0.0,-30.83,70.78,42.57,-3517.11,0,critical
f8cae733-0785-47ee-964a-d0e43c4cdaaf,4,2,2,rural,young_family,employed,9391,stable,641,226377.37,9157.07,1863.71,1193.59,True,home,0.0,-52.35,97.51,19.85,-4916.2,0,critical
f329612f-fead-4c88-a5c4-20220768652d,5,2,3,suburban,established_family,employed,8430,stable,522,223848.62,7645.05,3434.09,1533.18,True,retirement,0.0,-100.36,90.69,40.74,-8460.5,0,critical
8320f6ab-967c-487f-8b51-fcc7fae337f2,2,2,0,rural,empty_nesters,employed,7759,variable,544,110744.0,3024.27,1436.11,873.69,True,retirement,2.32,13.72,38.98,18.51,1064.2,41,medium
0c2726fb-38a2-49f6-a369-f5aa6c40aed5,4,2,2,urban,established_family,employed,12189,variable,850,149399.09,3349.14,5108.57,1632.48,True,retirement,1.02,7.57,27.48,41.91,922.48,37,high
3c904d7e-c0c6-4b53-bf84-c2dc7bdb6710,2,2,0,rural,empty_nesters,employed,12356,stable,723,264866.64,10305.76,4690.14,1005.14,True,retirement,0.0,-45.1,83.41,37.96,-5573.09,0,critical
ce561d6c-b7fd-4360-b00f-45707c8b0336,1,1,0,rural,young_professional,employed,3032,variable,477,46079.88,1392.86,955.38,374.44,True,emergency_fund,0.0,-32.57,45.94,31.51,-987.39,0,critical
d6847ff4-cd16-45cd-816b-d948f7df7fb5,2,2,0,rural,empty_nesters,employed,8296,stable,692,47577.73,1053.62,2638.38,1287.61,True,retirement,5.03,23.59,12.7,31.8,1956.63,85,none
980840fe-aaff-4be9-ad83-9e54db1195ca,4,2,2,suburban,young_family,employed,6253,stable,572,216565.29,6495.32,2434.01,1085.56,True,home,0.0,-95.67,103.88,38.93,-5982.06,0,critical
9ba7232c-c4f0-4bb6-8b8c-14bcb0726477,4,2,2,urban,established_family,employed,14595,stable,817,6996.79,224.36,5884.57,2177.57,True,retirement,7.3,36.08,1.54,40.32,5265.58,98,none
11f6477e-6fdd-49ee-ae6f-216e519eea3a,5,2,3,rural,established_family,employed,8047,stable,579,205788.3,8028.26,1747.09,816.73,True,retirement,0.0,-78.06,99.77,21.71,-6281.25,0,critical
e237fae6-1717-4ffa-aaca-b557ee46a143,1,1,0,urban,young_professional,employed,6557,stable,519,67532.04,712.55,1534.85,623.83,True,emergency_fund,12.86,46.89,10.87,23.41,3074.26,90,none
cbe4cff2-4b27-4fc5-81d7-f3826231910d,1,1,0,urban,retiree,retired,4400,stable,514,21672.15,1067.56,1203.5,402.71,True,other,0.79,4.67,24.26,27.35,205.3,34,high
689a5709-0f99-4096-91d2-a2c7b909f258,2,2,0,urban,empty_nesters,employed,8709,variable,685,116060.45,5165.01,2720.52,657.81,True,retirement,0.0,-12.52,59.31,31.24,-1090.03,0,critical
0e010cf3-4a21-4dec-92eb-f373e6fc6fa5,2,2,0,urban,empty_nesters,employed,8792,variable,593,255740.57,10562.5,3478.95,566.2,True,retirement,0.0,-90.54,120.14,39.57,-7960.63,0,critical
ec5fb937-bca2-4440-af3a-d11ad9196d87,2,2,0,urban,empty_nesters,employed,12631,stable,801,183005.99,5762.59,3176.55,1030.53,False,retirement,2.28,15.29,45.62,25.15,1931.4,38,high
696063fa-83fe-4702-94c9-a53cebb5de92,3,2,1,suburban,young_family,employed,8845,stable,632,307370.44,7024.93,2479.71,1642.49,True,home,0.0,-36.26,79.42,28.04,-3207.19,0,critical
1b86880c-5f09-495a-82ff-efd077e3518b,1,1,0,urban,young_professional,employed,6390,stable,586,143208.93,2794.69,2520.79,359.49,True,emergency_fund,0.0,-14.64,43.74,39.45,-935.37,0,critical
d5215dde-d6a8-462c-b97f-edaeb6774b1e,1,1,0,suburban,young_professional,employed,4188,seasonal,540,138799.05,2176.35,967.32,264.93,True,emergency_fund,0.0,-18.57,51.97,23.1,-777.62,0,critical
13139445-f4fd-40fc-a955-f8e5707399e0,2,2,0,urban,empty_nesters,employed,7342,stable,736,54087.68,1319.68,1105.52,717.42,True,retirement,11.78,46.39,17.97,15.06,3406.28,83,none
bf3deb9b-cd55-4155-a9bd-35b5e396d5f2,1,1,0,urban,retiree,retired,4586,seasonal,521,6714.71,178.23,1459.78,644.41,True,other,7.95,33.93,3.89,31.83,1556.12,96,none
7125ba6b-fdcd-473a-96ea-efe5ba1d8b31,1,1,0,suburban,young_professional,employed,6020,stable,408,49014.81,2129.0,1335.65,681.54,True,emergency_fund,0.0,-4.03,35.37,22.19,-242.78,5,critical
3f5373ca-de6e-4060-b2f9-8ee49864e8d4,3,2,1,suburban,young_family,employed,8527,stable,699,13740.02,261.48,2022.96,1487.51,True,home,8.82,35.45,3.07,23.72,3022.6,97,none
b1dfca7d-dec8-4e8b-9b0b-7e0d8a084b77,2,2,0,urban,empty_nesters,employed,8609,stable,648,40495.51,1520.35,2600.64,918.89,True,retirement,4.66,23.02,17.66,30.21,1981.46,79,low
49ead9b2-9244-4f21-9be7-ec1afeecb05f,1,1,0,rural,young_professional,employed,4428,stable,679,46020.54,1337.15,1411.21,377.57,True,emergency_fund,0.89,6.06,30.2,31.87,268.44,31,high
c38a8e66-1cd0-4977-ad21-56d68a41b531,3,2,1,urban,young_family,employed,8702,variable,673,253767.96,7278.96,1398.41,1107.57,True,home,0.0,-31.39,83.65,16.07,-2731.85,0,critical
edb6facf-d100-4806-bf49-2209f38f2200,1,1,0,rural,young_professional,employed,4008,stable,427,48422.61,1273.35,1039.09,765.97,True,emergency_fund,0.23,1.49,31.77,25.93,59.84,19,critical
eefc4921-73bc-4ac0-bada-2ae2fca5f9a4,2,2,0,suburban,retiree,retired,3330,stable,479,7715.84,88.31,499.5,423.13,False,other,5.77,28.75,2.65,15.0,957.26,96,none
f69df5db-4494-4fdc-9e77-5e524e684164,1,1,0,suburban,retiree,retired,4452,stable,538,13670.45,566.57,1716.07,527.63,True,other,1.73,10.39,12.73,38.55,462.43,58,medium
6867cd2f-9dd8-4a6a-a6b7-38186e7c1fd7,2,2,0,urban,empty_nesters,employed,11762,stable,738,154183.33,7377.9,3619.95,715.17,False,retirement,0.0,-19.49,62.73,30.78,-2291.92,0,critical
ebfc15c1-bbed-4e9d-b512-b9436a0a6d25,4,2,2,urban,young_family,employed,7674,stable,552,231579.44,6746.13,3487.43,751.25,True,home,0.0,-79.52,87.91,45.44,-6102.07,0,critical
736f87a6-0e05-4035-af50-7b71e5171c9f,1,1,0,urban,young_professional,employed,6018,stable,510,1532.59,44.97,2309.39,327.07,True,emergency_fund,4.19,17.96,0.75,38.37,1081.04,90,none
cb4b47c3-2359-4345-8a7c-e2fdc60de6bc,2,2,0,rural,empty_nesters,employed,9793,stable,628,63847.77,1292.48,2260.43,1575.81,True,retirement,11.61,44.82,13.2,23.08,4388.78,87,none
321adfa4-70e2-413f-8aa9-137708204b3c,5,2,3,rural,established_family,employed,13648,stable,760,233994.59,6448.69,3231.06,2439.01,True,retirement,0.0,-8.69,47.25,23.67,-1186.27,0,critical
bd6e5323-6e70-41c4-a350-29c375199d7d,2,2,0,suburban,empty_nesters,employed,9771,stable,664,276588.8,4493.66,4175.94,995.41,True,retirement,0.0,-17.41,45.99,42.74,-1701.12,0,critical
517697be-a433-4712-9056-1fec97cebb6c,5,2,3,suburban,established_family,employed,11420,stable,642,90778.74,1298.61,3826.45,2008.56,True,retirement,1.43,8.96,11.37,33.51,1023.28,55,medium
b8a5921c-a772-4ef5-acaf-51bf27d76406,2,2,0,urban,empty_nesters,employed,7540,variable,630,26189.73,764.29,2644.27,1262.05,True,retirement,3.39,16.07,10.14,35.07,1211.97,75,low
2d0928fd-13c1-46bd-841c-be04c1a1af8b,1,1,0,urban,young_professional,employed,6785,variable,539,188469.43,5503.14,2120.54,1064.32,True,emergency_fund,0.0,-41.79,81.11,31.25,-2835.27,0,critical
f77b1c7c-0d6b-47db-a35a-5dad5a89f32f,1,1,0,urban,young_professional,employed,6241,stable,524,202193.11,3146.76,3056.66,1008.7,True,emergency_fund,0.0,-23.58,50.42,48.98,-1471.84,0,critical
d71b8150-ad9d-4efd-8623-63800b35391f,1,1,0,suburban,young_professional,employed,4457,stable,365,44671.61,1376.73,1502.12,434.59,True,emergency_fund,0.03,0.22,30.89,33.7,9.6,17,critical
a5155900-6608-4c14-9e3a-7058211adcbd,3,2,1,rural,young_family,employed,6045,stable,574,204927.6,4270.68,906.75,572.22,True,home,0.0,-37.7,70.65,15.0,-2279.17,0,critical
da7181b9-4b59-4904-a6c8-9268819d9d60,3,2,1,urban,young_family,employed,9353,stable,613,11207.89,409.1,2229.9,1783.84,True,home,7.71,29.54,4.37,23.84,2763.01,96,none
641fa592-11bb-470d-8038-3f6546264362,4,2,2,rural,established_family,employed,10483,seasonal,667,300063.51,3071.99,3786.89,559.08,True,retirement,0.0,-7.37,29.3,36.12,-772.97,5,critical
7622a729-eafb-4cea-a329-2ab9747b2cb2,3,2,1,rural,young_family,employed,6272,stable,537,107966.64,5335.91,1566.75,477.58,True,home,0.0,-50.57,85.08,24.98,-3171.46,0,critical
29664c2e-0c6e-447e-9473-d716b941727e,1,1,0,urban,young_professional,employed,6633,stable,531,170534.29,1936.76,1923.37,1061.28,True,emergency_fund,0.25,1.47,29.2,29.0,97.36,22,high
367d77e4-516f-4ec8-8cfb-218c33deecf5,3,2,1,urban,young_family,employed,9040,stable,675,14591.54,330.76,3856.41,1609.27,False,home,2.69,15.64,3.66,42.66,1414.1,78,low
0a12dcd5-3d75-415d-9802-f25dbc8a852c,4,2,2,suburban,established_family,employed,12390,stable,727,290639.62,10600.9,3912.89,629.33,True,retirement,0.0,-53.72,85.56,31.58,-6655.5,0,critical
3f234010-b3b6-484b-a778-7b64ed452742,2,2,0,rural,retiree,retired,3535,stable,341,18634.37,638.91,1089.8,435.25,False,other,0.0,-11.71,18.07,30.83,-414.01,10,critical
c89482ab-5c82-4839-8181-3c83a9b0c5b9,1,1,0,urban,young_professional,employed,5173,stable,475,16253.7,738.93,1013.31,378.88,True,emergency_fund,10.06,40.06,14.28,19.59,2072.51,87,none
cfdd285a-76c4-4e8f-bcef-b42105eee147,1,1,0,rural,young_professional,employed,5027,stable,512,156838.87,7762.28,1639.22,518.65,True,emergency_fund,0.0,-131.03,154.41,32.61,-6587.03,0,critical
ced6057c-9bd6-4439-b1e5-79becb83c62e,1,1,0,urban,young_professional,employed,4498,stable,554,83171.09,2831.98,917.27,787.32,True,emergency_fund,0.0,-30.52,62.96,20.39,-1372.74,0,critical
70f0c9c6-2f77-4d43-b09b-d980e32f5243,3,2,1,urban,young_family,employed,6211,stable,624,101093.01,4228.54,2380.83,439.57,True,home,0.0,-48.86,68.08,38.33,-3034.51,0,critical
5655bbb2-71b9-4b6e-85ef-e55147003c7a,4,2,2,rural,young_family,employed,9399,stable,708,227585.29,7282.91,3027.09,1633.15,True,home,0.0,-50.69,77.49,32.21,-4763.92,0,critical
5143373b-d22a-4b75-86fe-6cf1eb1b7378,4,2,2,rural,young_family,employed,6993,variable,419,121774.08,3368.44,2010.08,376.56,True,home,0.0,-31.33,48.17,28.74,-2190.63,0,critical
d2e04944-4c8f-49c6-9e7e-2c7d47fb4a62,1,1,0,rural,young_professional,employed,6170,stable,604,33081.69,704.26,2170.11,452.61,False,emergency_fund,4.89,25.56,11.41,35.17,1577.09,86,none
e1d017f3-7f5a-419f-8099-c0fd0c89fe71,3,2,1,suburban,young_family,employed,7205,stable,485,50679.63,1408.4,1095.35,543.71,True,home,5.2,24.85,19.55,15.2,1790.58,79,low
003e2d75-a732-4916-80ef-3aed883e3057,4,2,2,urban,young_family,employed,7219,stable,633,14316.36,335.46,1644.57,778.66,True,home,4.73,24.53,4.65,22.78,1770.6,91,none
e6e66676-ceff-4b21-811d-04c69c2c3a57,3,2,1,urban,young_family,employed,9927,stable,624,326696.28,9002.1,3266.15,1453.86,True,home,0.0,-57.33,90.68,32.9,-5691.6,0,critical
4e386502-f4d6-4a1d-a078-86845bb73f13,5,2,3,urban,established_family,employed,10205,stable,780,325836.69,5267.65,4002.01,633.87,True,retirement,0.0,-32.06,51.62,39.22,-3271.8,0,critical
06cdd833-e167-427d-b172-a63fb314eae3,1,1,0,urban,young_professional,employed,3826,variable,474,48568.58,1239.78,1222.48,336.51,True,emergency_fund,0.0,-8.67,32.4,31.95,-331.61,0,critical
c2783561-cf70-420f-84a3-16e66a421b87,3,2,1,rural,young_family,employed,8699,stable,588,55376.41,1686.75,2228.07,1465.0,True,home,2.98,16.29,19.39,25.61,1417.08,66,low
14ebeb28-1dcf-4fdc-990b-1234d6a2232e,2,2,0,rural,empty_nesters,employed,8392,stable,670,155715.88,5560.72,1258.8,1501.15,True,retirement,0.0,-15.92,66.26,15.0,-1335.78,0,critical
79b2e21d-c1d4-4650-a197-7ba820281f39,3,2,1,urban,young_family,employed,6032,variable,580,84795.66,3654.46,2081.31,980.6,True,home,0.0,-43.46,60.58,34.5,-2621.58,0,critical
2330e1af-eb60-4ce2-8faf-edc657c27cfb,4,2,2,suburban,young_family,employed,8329,stable,553,87360.56,890.72,3136.57,724.37,True,home,0.0,-5.62,10.69,37.66,-467.78,25,high
4d2a3e0d-81c2-4a82-be97-bb31af624681,2,2,0,urban,empty_nesters,employed,9782,variable,698,143714.87,5968.78,2689.74,1264.91,True,retirement,0.0,-9.79,61.02,27.5,-957.61,0,critical
a7181bf8-f506-4d58-a590-b6cbae961254,3,2,1,urban,young_family,employed,5742,stable,606,73056.79,2608.17,1894.51,877.18,True,home,0.0,-28.37,45.42,32.99,-1629.1,0,critical
f6a7f386-1f93-4aa0-bb11-3ea356c5ee66,5,2,3,urban,established_family,employed,9615,variable,714,259356.0,4578.78,4507.52,1391.41,True,retirement,0.0,-34.23,47.62,46.88,-3291.12,0,critical
ba2bca24-2ad4-4549-b7ea-4d60f73da106,2,2,0,urban,empty_nesters,employed,12263,stable,783,116517.4,2483.29,2979.59,973.56,True,retirement,8.95,38.14,20.25,24.3,4677.11,81,none
4e22b442-8cc8-450f-a0e3-2262784e2847,4,2,2,suburban,young_family,employed,9913,stable,765,31732.84,669.92,1486.95,1447.47,True,home,12.01,46.59,6.76,15.0,4618.33,93,none
8258c384-2838-46fc-b654-5f7a8af499a1,6,2,4,urban,established_family,employed,8697,stable,584,181757.47,8360.83,3237.04,1131.37,True,retirement,0.0,-87.2,96.13,37.22,-7584.11,0,critical
67eb972b-6f3a-4ad1-a4e7-c2adb661f54b,2,2,0,suburban,empty_nesters,employed,12254,stable,805,34123.08,894.04,3790.22,1875.96,True,retirement,12.0,48.24,7.3,30.93,5911.09,93,none
60e83a0e-929c-4dc0-a29b-71639c6cc937,1,1,0,urban,young_professional,employed,5553,stable,474,2538.36,65.49,1696.24,790.62,True,emergency_fund,11.6,42.53,1.18,30.55,2361.94,98,none
6b86721d-1f7b-46b7-873d-258f75bbd0aa,1,1,0,urban,young_professional,employed,3477,stable,300,20824.44,629.68,686.9,327.03,True,emergency_fund,6.04,28.13,18.11,19.76,978.17,83,none
b8caae0a-75be-406d-8286-3fd636713e16,4,2,2,urban,young_family,employed,7844,variable,602,154319.92,1666.57,1793.25,1114.56,True,home,0.46,2.86,21.25,22.86,224.39,32,high
cbfefd49-d275-4f69-8520-b736e7d510eb,1,1,0,urban,young_professional,employed,5935,stable,475,48688.94,1261.75,1622.34,317.84,True,emergency_fund,1.99,9.98,21.26,27.34,592.15,50,medium
9c8ca9be-70cd-4100-8f3b-c317cbb58e07,1,1,0,rural,young_professional,employed,3563,stable,465,103985.22,4553.14,1513.66,626.62,True,emergency_fund,0.0,-111.15,127.79,42.48,-3960.1,0,critical
f90bef62-5b6c-47fb-a0e0-d11f2fecb591,4,2,2,suburban,young_family,employed,8894,stable,597,98266.8,3161.15,1905.42,1530.94,True,home,0.33,2.28,35.54,21.42,203.11,18,critical
f496b849-be0c-4bbc-bb56-436bdd41bd6c,4,2,2,urban,young_family,employed,5163,stable,449,141158.86,3522.13,1680.84,661.52,False,home,0.0,-71.96,68.22,32.56,-3715.32,0,critical
8c046a70-6d01-4df3-8448-42cea376aa5f,5,2,3,rural,established_family,employed,12460,variable,750,374555.74,13150.81,5438.51,1695.04,True,retirement,0.0,-88.36,105.54,43.65,-11009.04,0,critical
d3b79704-5f66-4cfa-80fb-31ec8e60e43d,4,2,2,urban,young_family,employed,6073,stable,613,149074.87,6441.06,910.95,713.93,True,home,0.0,-82.14,106.06,15.0,-4988.55,0,critical
c7738dcd-dceb-4248-8c8f-6058f2613c94,3,2,1,suburban,young_family,employed,9534,variable,621,232207.34,10209.27,2808.73,656.43,True,home,0.0,-67.71,107.08,29.46,-6455.89,0,critical
e30b4cc4-edc8-4427-b80c-16be26edf14c,6,2,4,urban,established_family,employed,12814,stable,669,285133.21,11972.32,2839.75,2373.79,True,retirement,0.0,-59.49,93.43,22.16,-7622.84,0,critical
9275d725-269e-410f-b33c-f09b98147f43,2,2,0,rural,empty_nesters,employed,10081,stable,559,26704.32,744.53,5040.5,1766.82,True,retirement,1.83,10.42,7.39,50.0,1050.09,63,low
af210cb1-6fd3-4311-97c5-4fefeeea112a,4,2,2,urban,young_family,employed,6277,stable,476,6974.3,91.07,2077.71,503.04,True,home,1.21,7.35,1.45,33.1,461.62,61,low
79d2923d-b9e0-4089-b631-8475d70858c9,6,2,4,urban,established_family,employed,11537,variable,752,271487.1,11615.58,3441.46,2117.1,True,retirement,0.0,-70.01,100.68,29.83,-8077.54,0,critical
8510ef82-2fcc-448c-9f45-96f18fc45968,2,2,0,urban,empty_nesters,employed,7563,variable,514,175209.48,6005.09,2815.09,1102.14,True,retirement,0.0,-53.43,79.4,37.22,-4040.55,0,critical
251308ed-db89-4223-9bcd-a14e2b1f4548,4,2,2,suburban,young_family,employed,5490,variable,389,40709.18,1739.11,1679.65,591.87,True,home,0.0,-44.31,31.68,30.59,-2432.73,0,critical
554260dd-7e2f-4716-a506-84017778087b,5,2,3,rural,established_family,employed,8845,variable,718,237829.85,10679.26,2392.35,928.33,False,retirement,0.0,-107.93,120.74,27.05,-9546.45,0,critical
d19b122a-c7f5-4afa-806f-5798a54e058b,4,2,2,urban,young_family,employed,7197,stable,516,10931.24,279.12,3068.84,1424.3,True,home,0.0,-3.83,3.88,42.64,-275.35,34,high
7f93ef88-e558-4448-aeda-ba0b2a3717fa,1,1,0,urban,young_professional,employed,6839,stable,519,130621.26,4469.72,1822.88,668.05,True,emergency_fund,0.0,-31.06,65.36,26.65,-2124.38,0,critical
b4442493-22ab-407b-b01d-1bcf86052f5c,2,2,0,rural,empty_nesters,employed,11613,stable,676,79097.97,3648.29,3306.1,1528.23,True,retirement,1.88,10.73,31.42,28.47,1246.23,42,medium
71b42995-af28-4320-a532-ec061ef4b609,4,2,2,urban,young_family,employed,8549,stable,502,194099.61,2061.92,1282.35,751.85,True,home,0.93,5.33,24.12,15.0,455.76,36,high
66e9c714-b95c-4880-8127-2367292d55c3,4,2,2,rural,young_family,employed,5135,variable,327,99559.31,4469.33,1025.26,685.01,True,home,0.0,-76.62,87.04,19.97,-3934.39,0,critical
1ce6aed6-1af7-4125-8a86-cf1aa0c95811,4,2,2,suburban,established_family,employed,10276,variable,818,197790.31,6761.04,3067.18,1510.36,True,retirement,0.0,-29.69,65.79,29.85,-3050.54,0,critical
c2e1b766-5259-4649-9873-8e598fb57c15,1,1,0,urban,retiree,retired,3811,stable,456,12852.55,152.77,1684.4,360.39,True,other,2.19,12.23,4.01,44.2,466.11,70,low
eae40e3f-a467-4137-a0d1-39d2ce535e64,4,2,2,suburban,young_family,employed,6330,stable,474,90676.39,1031.82,1877.15,1071.92,True,home,0.0,-2.8,16.3,29.65,-177.25,25,high
36ae29f8-7dfd-49e1-8bc9-5e50d9400627,1,1,0,urban,young_professional,employed,4057,stable,391,18135.16,185.45,1070.58,632.07,True,emergency_fund,10.2,38.59,4.57,26.39,1565.71,95,none
90213b3d-3c4a-44b0-bb08-ad3b108ae944,6,2,4,urban,established_family,employed,11284,variable,636,221199.9,5607.94,3532.66,2155.93,True,retirement,0.0,-41.36,49.7,31.31,-4666.55,0,critical
47532c07-5712-4975-b9ab-0cf071e11a35,6,2,4,urban,established_family,employed,12975,stable,691,454359.32,19993.1,4334.51,2161.67,True,retirement,0.0,-132.98,154.09,33.41,-17254.68,0,critical
7adaf6f2-7fab-4510-938e-43ed67c3c83d,1,1,0,urban,young_professional,employed,3804,seasonal,362,26157.04,898.03,997.95,498.15,True,emergency_fund,1.79,10.63,23.61,26.23,404.27,48,medium
42654081-6ed5-4571-bade-bd697d265337,1,1,0,urban,retiree,retired,2896,stable,473,18882.12,836.54,1367.94,372.39,True,other,0.0,-34.6,28.89,47.24,-1001.99,1,critical
b326dea6-4192-46b8-ae66-c530386bc6f7,2,2,0,urban,retiree,retired,3570,stable,300,16130.17,701.67,535.5,400.5,True,other,0.0,-14.59,19.65,15.0,-520.69,9,critical
e4acea9f-dbf8-4555-9869-5e07d9463b32,1,1,0,urban,young_professional,employed,3526,variable,387,39851.01,1102.69,1493.52,608.37,True,emergency_fund,0.0,-18.54,31.27,42.36,-653.9,0,critical
e56e9f30-7a96-47a3-a034-573553adaab4,2,2,0,urban,empty_nesters,employed,10292,stable,741,40254.56,841.13,2903.48,1002.43,True,retirement,13.23,49.99,8.17,28.21,5144.81,92,none
5087674f-3fb4-4c59-ab72-45ced137e472,5,2,3,suburban,established_family,employed,13414,variable,850,243645.09,10394.44,4454.38,2228.28,True,retirement,0.0,-38.99,77.49,33.21,-5229.84,0,critical
3577f05d-c44e-4caa-bd00-139614c16b22,3,2,1,rural,young_family,employed,7122,stable,701,32881.78,1271.31,1068.3,1230.89,True,home,7.65,36.67,17.85,15.0,2611.7,83,none
e3bdb258-112d-40bd-bf5f-c9369f237414,1,1,0,urban,young_professional,employed,4275,stable,489,60227.84,749.9,1389.69,450.01,True,emergency_fund,2.27,12.74,17.54,32.51,544.7,59,medium
92493e7b-8d74-472d-9b96-4dcec0941def,1,1,0,urban,young_professional,employed,3851,variable,455,1642.32,59.22,1329.18,215.11,False,emergency_fund,6.06,29.65,1.54,34.52,1141.92,98,none
ce21084b-5462-43ec-8d8b-4b0169add897,3,2,1,urban,young_family,employed,7925,stable,456,68595.03,2020.7,3448.34,1143.25,True,home,0.0,-6.09,25.5,43.51,-482.34,11,critical
80ab2322-0d20-4b6f-8ead-44b0d9ede339,4,2,2,urban,young_family,employed,9040,stable,746,119712.23,4986.17,2438.61,506.08,False,home,0.0,-21.26,55.16,26.98,-1921.59,0,critical
f515f8c9-06e9-42e2-b8d6-95285561c521,1,1,0,urban,young_professional,employed,4047,stable,485,8366.16,280.68,1774.08,641.9,True,emergency_fund,1.38,7.73,6.94,43.84,313.0,57,medium
5a4abded-adf6-418a-b37b-631d5b2a7ad5,4,2,2,rural,young_family,employed,8249,stable,644,104708.34,4143.18,1237.35,558.5,True,home,0.0,-16.23,50.23,15.0,-1338.72,0,critical
03ee6984-1474-4c9a-8218-b01956859c29,4,2,2,suburban,young_family,employed,5938,stable,557,38466.81,470.25,2300.18,360.87,True,home,0.0,-1.53,7.92,38.74,-90.73,35,high
b4dbe6e6-a475-4923-83ae-e42044d9b9db,1,1,0,suburban,young_professional,employed,3107,variable,376,51800.12,1628.81,1044.71,376.33,True,emergency_fund,0.0,-21.5,52.42,33.62,-668.02,0,critical
972088f1-90d5-4754-8066-6e9d819e00fa,4,2,2,urban,established_family,employed,12585,variable,850,280501.77,4469.31,6120.9,1741.81,True,retirement,0.0,-9.61,35.51,48.64,-1209.56,0,critical
2077f3d6-4957-445c-978b-e64ed7d7f0f4,6,2,4,suburban,established_family,employed,10081,stable,686,65785.79,2762.59,2911.25,1396.25,True,retirement,0.0,-3.14,27.4,28.88,-316.94,14,critical
8a7ef22c-3ee7-427d-a3ca-bb589995db91,4,2,2,rural,young_family,employed,6468,stable,447,4743.4,91.53,970.2,1258.35,True,home,4.77,20.98,1.42,15.0,1357.06,94,none
210d8bf5-1a7c-426e-9ed8-68a355d0f8d8,1,1,0,urban,retiree,retired,5812,stable,600,30157.81,1478.88,1509.06,351.01,True,other,4.17,21.52,25.45,25.96,1250.75,71,low
d0fc3a32-52ad-4a4b-9afa-a57d016839b0,3,2,1,urban,young_family,employed,7847,stable,687,63043.86,2002.05,1859.36,1322.61,True,home,2.07,12.2,25.51,23.7,957.63,50,medium
0d46bf0a-0f25-468e-9ed0-d81b2efd11c1,5,2,3,urban,established_family,employed,12664,stable,636,265575.31,4973.4,4444.39,1909.71,True,retirement,0.0,-6.88,39.27,35.09,-871.45,0,critical
06993b18-a263-4945-8d9a-afa35870a190,3,2,1,suburban,young_family,employed,5960,stable,535,178060.91,6072.11,2287.47,728.75,True,home,0.0,-81.72,101.88,38.38,-4870.66,0,critical
7927915e-42ac-4179-90ad-b2d7ce19dc49,3,2,1,urban,young_family,employed,9911,stable,645,12502.88,528.79,4083.83,935.25,False,home,3.06,17.39,5.34,41.21,1723.9,81,none
1aae5785-d6b3-4440-b072-edc03158865d,1,1,0,rural,young_professional,employed,6451,seasonal,679,66808.21,3122.47,2983.56,548.95,True,emergency_fund,0.0,-12.12,48.4,46.25,-781.69,0,critical
0349f6a2-8f56-4275-b76f-b3739fe1624e,3,2,1,urban,young_family,employed,8116,stable,777,115303.81,1521.33,3242.94,409.27,True,home,1.28,8.71,18.74,39.96,707.15,48,medium
f0af53ad-b7fc-4c4d-bb4f-a59334679ab1,4,2,2,urban,young_family,employed,6633,stable,491,101122.59,3847.96,1402.8,689.13,False,home,0.0,-44.01,58.01,21.15,-2919.06,0,critical
6c435ab9-5c48-4a63-86a0-8f4c65daded2,5,2,3,rural,established_family,employed,14258,stable,690,381319.24,5790.57,2138.7,1117.93,False,retirement,1.29,8.95,40.61,15.0,1275.73,28,high
7057cd5d-0105-4fca-b66e-84b43aca34b8,2,2,0,urban,empty_nesters,employed,9811,seasonal,578,348974.93,3929.99,1471.65,1655.13,False,retirement,1.99,11.38,40.06,15.0,1116.26,35,high
e8e7d64b-3823-4437-8828-aeaf1f77a9bc,3,2,1,urban,young_family,employed,8504,stable,484,183985.89,3249.27,3172.93,1159.25,True,home,0.0,-12.99,38.21,37.31,-1104.65,0,critical
4e593e0d-ec6e-4b1b-bfe7-1491b5272e1d,2,2,0,urban,empty_nesters,employed,10502,stable,645,256977.21,11012.4,3437.0,1544.18,True,retirement,0.0,-63.45,104.86,32.73,-6663.78,0,critical
e297d911-d332-447f-8915-d7444021ebac,1,1,0,suburban,young_professional,employed,5941,stable,512,59190.83,1850.48,1695.56,793.09,True,emergency_fund,0.0,-3.11,31.15,28.54,-184.66,11,critical
7cf2ab33-1fa3-46d5-bb93-36d11533b7de,1,1,0,suburban,young_professional,employed,4818,seasonal,524,60116.32,1135.76,1628.65,317.44,True,emergency_fund,0.0,-0.06,23.57,33.8,-2.89,23,high
976fb0f7-e334-4ec5-b706-83e678c09ff6,2,2,0,suburban,empty_nesters,employed,8515,stable,668,286026.45,7610.29,1969.4,1456.14,True,retirement,0.0,-46.02,89.38,23.13,-3918.22,0,critical
26ddb880-4347-4638-a097-35e502fd95aa,2,2,0,urban,retiree,retired,4018,seasonal,555,16608.71,818.08,1379.29,746.24,True,other,0.81,5.33,20.36,34.33,214.33,39,high
5780249a-8a2f-487b-99de-0c09dd0e55d1,4,2,2,suburban,young_family,employed,6469,seasonal,372,217446.32,4491.54,1074.42,1132.82,True,home,0.0,-52.29,69.43,16.61,-3382.96,0,critical
7f026e5e-749a-46ef-8fb9-8abb6a77e2c4,1,1,0,urban,young_professional,employed,6672,stable,584,5940.11,202.28,2298.65,437.26,True,emergency_fund,9.45,37.64,3.03,34.45,2511.02,97,none
ddffd789-0013-48c7-b2cb-8407fb293cd7,4,2,2,suburban,established_family,employed,14843,stable,850,50587.68,2447.48,5773.43,2006.83,False,retirement,2.93,18.71,16.49,38.9,2776.47,73,low
2da29ca5-d70a-4b90-9077-fbbdc87e9505,1,1,0,rural,young_professional,employed,5665,stable,500,173746.6,5853.44,2304.61,628.09,False,emergency_fund,0.0,-75.36,103.33,40.68,-4269.14,0,critical
6b5037a7-fb27-403e-9442-3d5cdd27e7c0,2,2,0,urban,retiree,retired,3973,variable,429,23633.75,459.06,819.28,326.91,False,other,3.71,19.37,11.55,20.62,769.58,81,none
a8df4595-ff2b-4c87-aead-f3fe6fdefdc6,3,2,1,urban,young_family,employed,9662,stable,563,286464.01,11517.78,1750.64,1040.64,True,home,0.0,-71.93,119.21,18.12,-6949.57,0,critical
f3baa2e5-8f05-4b7a-a001-6cc7ebc71975,1,1,0,urban,retiree,retired,2796,stable,400,9320.86,297.09,1285.36,533.96,True,other,1.24,8.33,10.63,45.97,232.93,54,medium
b72000b6-bb39-41a4-9a6a-9470df31806b,1,1,0,urban,young_professional,employed,3415,stable,388,70584.46,2309.23,512.25,543.07,False,emergency_fund,0.0,-41.97,67.62,15.0,-1433.22,0,critical
657864e2-e96e-4a76-9b0b-a855c9e141bd,5,2,3,urban,established_family,employed,12038,variable,850,104570.15,3623.99,2642.92,1548.74,True,retirement,2.85,18.72,30.1,21.95,2253.64,60,low
c23eb3f6-2321-445e-8d0a-d92d05126f9e,2,2,0,urban,empty_nesters,employed,8536,stable,600,201175.71,8071.21,1996.55,1674.84,True,retirement,0.0,-49.07,94.55,23.39,-4188.5,0,critical
429ee889-a39e-448e-af7a-a3cf4659f802,4,2,2,rural,established_family,employed,14559,variable,850,320790.89,12247.16,3930.43,1095.31,False,retirement,0.0,-38.51,84.12,27.0,-5607.32,0,critical
a1a961b1-2739-48c7-b2d1-7c2a65ce1a5a,1,1,0,urban,young_professional,employed,4168,stable,303,41256.61,548.34,1287.16,321.97,True,emergency_fund,0.0,-2.57,13.16,30.88,-107.1,28,high
5185e8b7-55ca-4014-86fd-706cd75889b0,6,2,4,rural,established_family,employed,10070,seasonal,763,266359.64,8051.77,1712.94,1398.21,True,retirement,0.0,-41.91,79.96,17.01,-4220.16,0,critical
14038183-eca6-4cf5-9542-bd6d7f1a7cac,4,2,2,urban,young_family,employed,5990,stable,479,124504.68,3866.55,2277.95,1083.12,True,home,0.0,-75.16,64.55,38.03,-4502.28,0,critical
5ca42ee6-acf2-4685-84f9-82210dc437c4,4,2,2,suburban,established_family,employed,13309,stable,788,409431.34,6366.87,4356.05,2475.71,True,retirement,0.0,-7.94,47.84,32.73,-1056.82,0,critical
768657d5-4a12-4a4b-9130-aa5ef3604182,4,2,2,urban,young_family,employed,9165,stable,729,325758.85,15213.86,3135.59,808.88,True,home,0.0,-139.92,166.0,34.21,-12823.29,0,critical
ce203503-b2c8-4455-925c-ce24bfbefa90,4,2,2,urban,established_family,employed,10311,stable,698,220248.68,8916.21,5007.14,543.66,True,retirement,0.0,-73.25,86.47,48.56,-7552.66,0,critical
b4171093-5ef6-44f2-b4b4-1d55a0dc7263,3,2,1,urban,young_family,employed,7554,stable,633,77741.34,1554.66,2488.69,1132.34,True,home,0.99,6.4,20.58,32.95,483.55,41,medium
08c19908-6703-45a4-bd3c-f46e350f3a39,1,1,0,urban,young_professional,employed,6256,stable,458,32862.24,958.29,1923.83,501.1,True,emergency_fund,2.94,13.91,15.32,30.75,869.98,65,low
e86f29e2-a6d0-42c3-ad30-8aa600bb6657,4,2,2,urban,established_family,employed,11041,stable,680,293987.42,6846.82,2684.3,2059.09,True,retirement,0.0,-15.1,62.01,24.31,-1667.33,0,critical
7b322792-fed6-4912-883f-3c273005b8c9,3,2,1,suburban,young_family,employed,5194,variable,430,121668.57,3545.09,1895.25,684.65,True,home,0.0,-65.29,68.25,36.49,-3391.21,0,critical
9aba4fa1-6799-4c5c-b398-329265ff829a,2,2,0,suburban,empty_nesters,employed,9265,stable,683,125109.4,5914.22,2919.76,1330.72,True,retirement,0.0,-22.7,63.83,31.51,-2103.16,0,critical
73856e5e-257e-4c6f-896f-5f5fa48c965b,1,1,0,urban,young_professional,employed,5685,seasonal,383,17122.44,832.12,1111.6,650.03,True,emergency_fund,2.01,7.7,14.64,19.55,437.72,52,medium
6ac2bece-7239-4295-86a9-2a16aefeab08,1,1,0,suburban,retiree,retired,4902,stable,576,27159.85,1183.55,1192.02,475.38,False,other,4.1,22.12,24.14,24.32,1084.27,72,low
3a8987c8-e37a-4844-943d-c555afe9cf02,4,2,2,urban,young_family,employed,6486,variable,494,219377.22,8911.3,1129.81,475.39,False,home,0.0,-110.38,137.39,17.42,-7159.46,0,critical
efc618a3-5534-45de-8a92-0387c6030f9b,4,2,2,suburban,young_family,employed,7028,variable,624,83715.08,3131.16,2561.91,417.26,False,home,0.0,-35.78,44.55,36.45,-2514.37,0,critical
2be0e89b-b915-4947-9b3b-5fdbfaba32b2,1,1,0,urban,young_professional,employed,3133,stable,411,683.94,7.73,1414.62,515.17,True,emergency_fund,3.9,21.87,0.25,45.15,685.18,93,none
1c46396f-614f-47ba-a2ff-303d6a09614b,4,2,2,urban,young_family,employed,8290,variable,606,207658.67,10078.29,3692.09,651.42,True,home,0.0,-108.39,121.57,44.54,-8985.3,0,critical
970f4d68-893b-422f-a7db-9cee6819c0c8,6,2,4,suburban,established_family,employed,11304,stable,755,178293.43,8762.64,3219.44,2023.23,True,retirement,0.0,-46.42,77.52,28.48,-5247.23,0,critical
9136e827-e0c6-4149-bda2-79de1ae1dc01,2,2,0,urban,retiree,retired,4434,variable,469,16349.85,813.33,665.1,743.58,True,other,5.21,23.51,18.34,15.0,1042.37,80,none
9a5cefcc-bc74-44a8-8502-7a370d153a42,1,1,0,suburban,young_professional,employed,5145,stable,458,102917.71,4732.63,2572.5,779.64,True,emergency_fund,0.0,-84.32,91.99,50.0,-4338.17,0,critical
1fd5e280-580d-4044-b007-dda24f210e27,4,2,2,urban,established_family,employed,11390,stable,789,293527.96,14045.08,1708.5,2065.6,True,retirement,0.0,-62.87,123.31,15.0,-7160.9,0,critical
6e04b1da-8886-4632-981d-8a0ab6211e36,1,1,0,suburban,young_professional,employed,3922,variable,585,134066.19,5660.59,1270.3,572.9,True,emergency_fund,0.0,-108.13,144.33,32.39,-4241.05,0,critical
fb772f12-29b5-4ece-a5a6-3917a8fb18c1,5,2,3,suburban,established_family,employed,12907,stable,630,289653.29,6985.69,5650.61,1238.41,True,retirement,0.0,-40.44,54.12,43.78,-5219.88,0,critical
d6dc9c74-92e0-4849-b3f8-a60cfcde8329,4,2,2,rural,established_family,employed,8624,stable,690,38106.34,800.64,2983.94,1488.25,True,retirement,1.68,10.24,9.28,34.6,882.9,60,low
ca06bd4d-2cbb-4b64-a268-22203301c34c,2,2,0,urban,empty_nesters,employed,8878,stable,743,160434.32,3429.11,4439.0,1703.77,True,retirement,0.0,-8.73,38.62,50.0,-775.01,0,critical
f1c556ba-9a56-48a2-8cd3-272ffb2c0bfb,3,2,1,urban,young_family,employed,5018,stable,574,104149.95,4004.33,1164.34,468.76,False,home,0.0,-73.86,79.8,23.2,-3706.12,0,critical
1646b184-ff0f-4cc2-9d56-1191a7020b69,4,2,2,suburban,young_family,employed,7397,stable,557,74308.54,872.2,2736.33,915.58,True,home,0.38,2.53,11.79,36.99,187.47,40,medium
642f2e16-e895-4408-a080-4db0c01a73d3,1,1,0,suburban,young_professional,employed,4663,stable,398,75002.43,2034.05,1913.64,531.86,True,emergency_fund,0.0,-12.18,43.62,41.04,-568.08,0,critical
209e67c9-deb2-4a6a-a89c-b19e20e792c0,4,2,2,urban,young_family,employed,8249,stable,581,293843.28,9550.03,2275.04,1153.2,True,home,0.0,-80.69,115.77,27.58,-6656.02,0,critical
0f328100-d158-4910-ad3e-f56b172f9213,1,1,0,urban,young_professional,employed,5271,variable,653,20618.96,916.47,2635.5,966.18,True,emergency_fund,1.23,8.23,17.39,50.0,434.01,48,medium
e3126fed-3757-4d37-bd5f-7ecb3125aea1,6,2,4,rural,established_family,employed,12429,stable,755,127317.62,6222.2,2059.35,2343.86,True,retirement,0.0,-13.37,50.06,16.57,-1661.85,0,critical
a8c2ab15-5107-4883-b273-7da0bad2861f,4,2,2,urban,young_family,employed,6885,stable,601,132046.4,5540.2,1662.28,728.73,True,home,0.0,-50.24,80.47,24.14,-3459.31,0,critical
363097df-d08b-4298-b32a-878733bb3eb0,3,2,1,suburban,young_family,employed,7168,stable,547,54177.98,583.75,3000.21,548.33,True,home,0.22,1.39,8.14,41.86,99.86,41,medium
c8b35605-cd66-453e-a2ee-c46a38ce8f57,1,1,0,suburban,young_professional,employed,3997,variable,319,86674.32,1520.35,1362.23,630.85,True,emergency_fund,0.0,-10.85,38.04,34.08,-433.71,0,critical
d389c195-0ebf-4f14-b315-1bf2eb4bf5ea,1,1,0,urban,young_professional,employed,5818,stable,435,92992.59,3427.73,1517.63,480.18,True,emergency_fund,0.0,-31.3,58.92,26.09,-1821.2,0,critical
d6e76319-98b3-4e4e-ae05-564803b802f9,2,2,0,urban,empty_nesters,employed,11557,variable,760,401962.84,7341.02,4040.68,1983.46,True,retirement,0.0,-12.94,63.52,34.96,-1495.16,0,critical
6b302417-73dd-4d50-8750-202b2a1380e8,5,2,3,urban,established_family,employed,14090,stable,781,392029.0,7224.38,5052.98,2689.34,True,retirement,0.0,-16.88,51.27,35.86,-2379.06,0,critical
c2abe117-b2e3-4ab2-9878-0e37e521ebf7,5,2,3,urban,established_family,employed,13959,stable,798,333957.97,5049.81,3061.66,1895.32,True,retirement,1.66,11.29,36.18,21.93,1576.16,38,high
54f57302-88bd-4093-86da-6ed2a09328e5,3,2,1,rural,young_family,employed,5989,stable,538,120489.02,2289.67,1681.62,849.53,True,home,0.0,-16.21,38.23,28.08,-970.83,0,critical
0f8b6f57-5007-4679-9b8c-7874591e5f3e,1,1,0,rural,young_professional,employed,4773,stable,522,121933.65,3202.95,1609.39,786.42,True,emergency_fund,0.0,-42.88,67.11,33.72,-2046.72,0,critical
325bd64c-55e6-4522-8dc4-a126cdd18c85,4,2,2,urban,young_family,employed,8828,stable,539,262497.65,3518.88,1434.64,1691.26,True,home,0.0,-4.84,39.86,16.25,-427.27,0,critical
303e64d3-f895-439c-bae8-1589490ccded,3,2,1,rural,young_family,employed,8758,variable,526,283370.91,12533.64,3095.2,1489.33,True,home,0.0,-123.78,143.11,35.34,-10840.75,0,critical
22e00677-37e3-4c41-8a45-04a4a6c2c402,2,2,0,rural,empty_nesters,employed,8285,variable,575,194173.07,4015.44,2545.57,1517.36,True,retirement,0.0,-9.26,48.47,30.73,-767.48,0,critical
6e81d098-272a-46c4-89fb-59ec8beb0c02,1,1,0,suburban,young_professional,employed,5191,stable,582,168463.63,8411.66,1559.05,483.74,True,emergency_fund,0.0,-130.66,162.04,30.03,-6782.39,0,critical
05ac6a90-18d9-4956-8067-b7bfec203f0a,3,2,1,urban,young_family,employed,8749,seasonal,542,60674.41,1945.08,2102.48,531.94,True,home,4.46,24.43,22.23,24.03,2137.63,75,low
124e4048-3caa-416d-b716-4c9a4de271cb,1,1,0,rural,young_professional,employed,3529,stable,371,108282.97,5280.01,561.03,356.05,True,emergency_fund,0.0,-128.38,149.62,15.9,-4530.37,0,critical
2b30f7d4-f9df-422d-830a-b358ed9fa51a,1,1,0,urban,young_professional,employed,3901,stable,325,103270.76,3197.51,585.15,469.67,True,emergency_fund,0.0,-31.64,81.97,15.0,-1234.13,0,critical
116da244-a395-4e9f-a6e1-71625cddee34,2,2,0,urban,empty_nesters,employed,11870,variable,644,25678.31,1177.47,3472.34,1914.45,True,retirement,7.37,29.18,9.92,29.25,3463.31,90,none
aa040a6c-54b1-4b49-b076-b1538064a304,3,2,1,suburban,young_family,employed,6379,variable,589,184047.91,7917.24,3003.61,1220.09,True,home,0.0,-107.61,124.11,47.09,-6864.74,0,critical
ac742d39-5854-4ec6-9424-39b04f96460e,2,2,0,urban,retiree,retired,2570,seasonal,389,4314.35,132.34,796.48,426.34,True,other,0.0,-4.57,5.15,30.99,-117.48,32,high
a673cab2-693f-41f1-abca-7206fc09182b,1,1,0,urban,young_professional,employed,5527,seasonal,501,21511.12,491.76,1655.78,938.21,True,emergency_fund,4.04,17.63,8.9,29.96,974.32,81,none
ab912831-bf7e-41cf-86d6-babe656c1939,3,2,1,rural,young_family,employed,8075,stable,558,128989.61,3036.03,2398.52,1163.18,True,home,0.0,-4.29,37.6,29.7,-346.36,3,critical
e1a69d83-b196-4c1a-82ef-55b6b87850d8,2,2,0,suburban,empty_nesters,employed,9264,variable,600,109405.68,2360.17,2184.24,1420.24,True,retirement,4.36,22.18,25.48,23.58,2054.73,71,low
0487be7d-b883-4253-926d-093257243afb,1,1,0,urban,young_professional,employed,5221,stable,455,87823.4,4125.6,1097.28,548.08,True,emergency_fund,0.0,-44.29,79.02,21.02,-2312.41,0,critical
49d3671e-c304-4a79-bd18-cd65fbd70431,4,2,2,rural,young_family,employed,7452,stable,651,81037.82,3860.47,2539.83,749.74,True,home,0.0,-35.48,51.8,34.08,-2644.14,0,critical
15b31d9d-c291-452e-aa99-11f26b2ec022,4,2,2,rural,young_family,employed,6577,stable,610,63884.12,2023.17,2838.24,1195.54,True,home,0.0,-28.28,30.76,43.15,-1859.69,0,critical
b2eb9190-f3aa-4c4a-a84e-886dda4236c8,6,2,4,urban,established_family,employed,13020,variable,700,178842.89,2856.43,4887.12,791.1,False,retirement,0.0,-0.5,21.94,37.54,-64.83,24,high
d6204bab-f8cc-48c7-a1d2-ef70eadfdb4a,1,1,0,rural,young_professional,employed,3983,seasonal,481,135810.43,3242.97,1207.42,668.17,True,emergency_fund,0.0,-42.4,81.42,30.31,-1688.87,0,critical
f8bb687f-ff18-4be8-91d6-3b82c68da1df,4,2,2,suburban,young_family,employed,6587,stable,599,199371.68,9268.93,2577.26,816.4,False,home,0.0,-152.18,140.72,39.13,-10023.8,0,critical
6de6f7be-ceab-4cc4-8d23-3db90122b150,3,2,1,urban,young_family,employed,7471,seasonal,620,170337.33,6207.8,3435.96,652.67,True,home,0.0,-70.06,83.09,45.99,-5233.91,0,critical
078bddfa-a775-492e-a9e3-615a2e2c4840,1,1,0,urban,young_professional,employed,3585,stable,454,3293.55,149.55,1107.88,525.02,True,emergency_fund,3.1,13.55,4.17,30.9,485.94,75,low
2419d66a-75cc-4a31-9799-386c79035d65,2,2,0,urban,retiree,retired,3560,stable,423,10058.03,388.61,1101.57,354.07,True,other,0.0,-1.32,10.92,30.94,-47.05,33,high
d2de1e4c-2884-4581-a7f3-b3c6a3f4a2a7,6,2,4,urban,established_family,employed,13344,variable,787,157624.05,4592.89,4331.06,972.89,True,retirement,0.0,-3.88,34.42,32.46,-517.79,7,critical
676756c6-6b6c-4280-bfe1-14940b506085,3,2,1,urban,young_family,employed,5485,seasonal,435,5126.88,163.43,1774.56,948.7,True,home,1.26,6.83,2.98,32.35,374.84,58,medium
a40133ba-d669-40db-9a6a-94468868d01c,1,1,0,urban,young_professional,employed,4597,stable,578,30349.5,1118.13,946.52,824.55,True,emergency_fund,5.31,27.86,24.32,20.59,1280.84,75,low
cc61d806-4e19-48e7-a622-f3f3a8b50e8b,1,1,0,urban,retiree,retired,5554,stable,521,32003.58,857.02,833.1,430.16,True,other,10.12,36.31,15.43,15.0,2016.81,85,none
e90ee841-e40d-4291-8e24-7fb1330f635e,4,2,2,rural,young_family,employed,8641,stable,512,88500.65,1459.81,2282.93,803.79,False,home,0.32,2.12,16.89,26.42,183.12,34,high
fc0797fb-6c6d-40e5-834f-b76e2c6f011a,2,2,0,suburban,empty_nesters,employed,7027,variable,676,133559.48,4375.55,2094.05,825.16,True,retirement,0.0,-18.99,62.27,29.8,-1334.3,0,critical
669d098b-78d0-42ee-b083-32dad74f4752,4,2,2,rural,young_family,employed,8020,seasonal,575,185182.33,6231.48,1554.88,1405.44,False,home,0.0,-49.36,77.7,19.39,-3958.44,0,critical
d01a0a52-1a27-4141-9feb-b27b608b06da,2,2,0,urban,empty_nesters,employed,8041,stable,554,207208.31,5322.72,2637.4,1331.75,True,retirement,0.0,-35.91,66.19,32.8,-2887.19,0,critical
36560f97-f05f-447a-9d35-8eae96b3a8b9,2,2,0,urban,empty_nesters,employed,9637,stable,686,2265.69,97.9,3150.51,491.13,True,retirement,11.03,41.34,1.02,32.69,3983.73,99,none
44900178-18c1-41cf-864f-72afdcb5abf7,1,1,0,urban,young_professional,employed,3619,stable,387,107153.77,2538.15,1185.36,696.48,False,emergency_fund,0.0,-61.63,70.13,32.75,-2230.37,0,critical
2a293984-121e-419c-9f80-cf13e2cf1a36,1,1,0,urban,young_professional,employed,3479,stable,452,88695.7,4395.8,1306.06,520.88,True,emergency_fund,0.0,-122.03,126.35,37.54,-4245.32,0,critical
22196f74-62ae-4de9-b6da-6727b58301ea,4,2,2,rural,young_family,employed,8485,variable,846,59463.31,2405.16,3244.37,1444.7,True,home,0.0,-2.69,28.35,38.24,-227.97,14,critical
0653f400-5f3a-42a9-8c4c-4ba417b9e761,4,2,2,urban,young_family,employed,9091,stable,494,265951.05,2928.57,2098.76,872.46,True,home,0.0,-1.53,32.21,23.09,-138.83,13,critical
759e022d-564d-4378-bd94-ae4a2828a5e5,2,2,0,urban,empty_nesters,employed,10940,stable,657,287092.66,9605.38,4111.29,1385.12,True,retirement,0.0,-45.24,87.8,37.58,-4949.55,0,critical
ad04b9ca-371f-4fc2-9766-390f21813d49,4,2,2,urban,young_family,employed,6856,stable,369,137079.69,4220.11,2724.97,992.27,False,home,0.0,-71.9,61.55,39.75,-4929.55,0,critical
a6048ae4-7d43-4dcb-81eb-89f5ed421cfc,4,2,2,suburban,established_family,employed,14026,stable,763,117129.92,3993.67,3055.87,810.88,True,retirement,4.17,23.83,28.47,21.79,3342.94,68,low
ce200479-ee83-42ab-b208-7ae1e84512ab,3,2,1,rural,young_family,employed,6130,stable,436,43693.23,1712.2,1069.5,831.68,True,home,1.77,11.05,27.93,17.45,677.57,45,medium
95b295a2-f992-4370-8243-8a70d541c424,2,2,0,urban,empty_nesters,employed,9120,stable,639,57281.37,2594.87,2896.51,1386.66,True,retirement,3.49,20.97,28.45,31.76,1912.8,66,low
59c6bfd6-cb33-4fc9-bec0-ae9d41b69063,1,1,0,urban,retiree,retired,2933,stable,332,4479.73,128.56,972.26,366.05,True,other,2.66,13.76,4.38,33.15,403.47,74,low
2f21cdcf-c6a9-4635-b494-e7ae8350f5b1,3,2,1,urban,young_family,employed,7969,stable,546,192845.96,3438.54,1736.2,1135.24,True,home,0.0,-8.02,43.15,21.79,-639.22,0,critical
7dc438a8-a3e8-4f86-b345-342a03839a55,3,2,1,rural,young_family,employed,6473,stable,549,109342.55,2886.14,2220.05,836.82,True,home,0.0,-41.95,44.59,34.3,-2715.13,0,critical
98fb44d6-6844-4a4c-8540-75c790fc0ac4,2,2,0,rural,empty_nesters,employed,7723,seasonal,706,173369.98,8594.86,2140.88,881.42,False,retirement,0.0,-64.52,111.29,27.72,-4983.18,0,critical
f05b48d9-1780-4f4d-9bf2-e977d4615f19,1,1,0,suburban,young_professional,employed,4683,stable,619,19275.15,890.41,1668.88,434.1,True,emergency_fund,0.63,3.69,19.01,35.64,172.99,36,high
c19f987a-8b3f-4b56-bcc7-8d186e92b176,4,2,2,urban,young_family,employed,6724,variable,620,93040.55,2386.73,1875.96,570.51,False,home,0.0,-15.43,35.5,27.9,-1037.8,0,critical
2d294003-bdb9-4d21-8db2-081c40954369,1,1,0,urban,young_professional,employed,6631,stable,608,108263.63,1786.16,2097.27,1098.69,False,emergency_fund,3.31,19.27,26.94,31.63,1277.51,66,low
07ec3ebc-d59e-42f5-8889-c1055baa2803,2,2,0,urban,empty_nesters,employed,7539,variable,484,40158.27,1864.0,1130.85,1290.97,False,retirement,6.26,28.84,24.72,15.0,2174.41,77,low
566af9ea-45dc-4054-9d5e-8df4cb5e0d13,1,1,0,rural,young_professional,employed,4612,stable,584,66975.06,1844.85,2188.98,344.01,True,emergency_fund,0.0,-26.98,40.0,47.46,-1244.3,0,critical
e3e21e8e-6b86-42a0-a60c-ef878b42f47c,4,2,2,suburban,established_family,employed,12284,stable,789,231503.45,2606.03,3914.29,1556.77,True,retirement,2.18,13.49,21.21,31.86,1656.65,57,medium
fc20daa8-a653-49f0-a7c6-3d572a3eceb1,1,1,0,urban,young_professional,employed,6745,variable,393,222135.42,6670.66,2131.55,455.34,True,emergency_fund,0.0,-53.64,98.9,31.6,-3618.25,0,critical
c50c97c6-c512-4c2f-9bcd-c18a57fda36e,1,1,0,suburban,young_professional,employed,5967,stable,509,106204.18,3262.07,2350.25,335.24,True,emergency_fund,0.0,-23.45,54.67,39.39,-1399.44,0,critical
727c3636-96d2-474c-b017-183e2f1eb493,2,2,0,urban,empty_nesters,employed,11438,stable,850,236365.28,10015.64,3597.14,1767.31,False,retirement,0.0,-31.23,87.56,31.45,-3571.72,0,critical
35ec0934-9185-4bea-8687-63eb2ae1e1a9,1,1,0,rural,young_professional,employed,5897,seasonal,496,70089.86,2950.92,2546.15,891.86,False,emergency_fund,0.0,-34.79,50.04,43.18,-2051.28,0,critical
7407cdd4-d311-4abb-9798-802d6cf2b073,1,1,0,urban,young_professional,employed,3940,stable,465,23464.13,258.28,1254.88,693.86,True,emergency_fund,3.47,16.51,6.56,31.85,650.57,80,none
54396a6f-38ce-43f8-96ac-18a02be417ad,3,2,1,suburban,young_family,employed,8351,stable,647,228637.01,9113.01,1428.45,1590.89,False,home,0.0,-68.89,109.12,17.11,-5753.42,0,critical
b27c7409-dab3-4695-92b7-02af099ce307,1,1,0,rural,young_professional,employed,3188,stable,417,32421.31,1511.0,838.48,599.95,True,emergency_fund,0.0,-35.54,47.4,26.3,-1133.1,0,critical
16259e2f-ceff-403b-97af-ed305d556482,3,2,1,suburban,young_family,employed,8380,stable,612,208870.61,9293.76,3927.03,593.39,True,home,0.0,-94.03,110.9,46.86,-7879.56,0,critical
62857cb3-1d0a-4b08-bdb2-abf835bd2f18,2,2,0,suburban,empty_nesters,employed,9652,stable,582,143577.07,6567.07,3514.8,600.52,True,retirement,0.0,-37.12,68.04,36.42,-3583.22,0,critical
196b3396-f40b-4656-8608-acab8e0ebd48,4,2,2,rural,young_family,employed,5041,stable,492,86185.14,3114.61,1836.5,858.5,True,home,0.0,-69.16,61.79,36.43,-3486.11,0,critical
aa0d6057-2f76-4844-9ccd-5525e0757dca,1,1,0,urban,young_professional,employed,6143,variable,611,187833.54,3408.9,2078.24,967.47,True,emergency_fund,0.0,-18.12,55.49,33.83,-1113.24,0,critical
7334cc83-d028-44da-a370-27b0fa73114a,6,2,4,suburban,established_family,employed,11050,stable,719,7198.08,77.21,2864.98,1486.71,False,retirement,4.14,24.1,0.7,25.93,2662.81,93,none
439410d6-449b-4206-843f-bd596367d1b2,1,1,0,urban,young_professional,employed,3007,stable,487,1872.15,41.48,451.05,350.19,True,emergency_fund,12.27,44.67,1.38,15.0,1343.11,98,none
5eb929ed-1198-4156-9888-cd3e9fbf95c3,6,2,4,urban,established_family,employed,12333,stable,743,298851.9,14016.28,3977.62,2145.75,False,retirement,0.0,-96.68,113.65,32.25,-11924.02,0,critical
017043ea-e895-4991-bfe4-3fe6f4550674,2,2,0,urban,empty_nesters,employed,9343,stable,742,50181.67,2466.63,1535.71,593.53,True,retirement,7.55,33.8,26.4,16.44,3157.99,76,low
6a675d52-7675-4609-ad0d-a37dca6c7136,1,1,0,suburban,young_professional,employed,6572,stable,437,87171.04,879.53,3286.0,1230.47,True,emergency_fund,0.0,-11.66,13.38,50.0,-766.41,15,critical
02adb761-f6a9-4484-a846-f2b1a7cc6587,1,1,0,urban,retiree,retired,5340,variable,527,9676.39,237.99,801.0,898.7,True,other,12.67,36.89,4.46,15.0,1969.78,95,none
16204dae-b312-43e3-87c4-0dfb37e42f42,5,2,3,urban,established_family,employed,11884,stable,680,218801.66,7248.73,2566.98,1665.72,True,retirement,0.0,-30.88,61.0,21.6,-3669.23,0,critical
e407eada-1d18-44b6-ae01-7911aac8c18d,4,2,2,suburban,young_family,employed,8647,variable,605,225533.02,3306.09,1766.04,679.97,False,home,0.0,-9.68,38.23,20.42,-836.64,0,critical
1225b129-86a0-4293-add1-ad523eaa5a3f,2,2,0,urban,empty_nesters,employed,7343,seasonal,534,226444.29,10921.78,2225.55,1104.7,True,retirement,0.0,-114.36,148.74,30.31,-8397.31,0,critical
19d8e79b-fd2e-4225-883d-425dea880cb5,1,1,0,rural,young_professional,employed,5217,stable,419,44602.55,1157.57,1964.41,888.07,True,emergency_fund,0.0,-12.07,22.19,37.65,-629.88,7,critical
7bdf6536-b8fb-4480-9cb4-1d1750676d3f,3,2,1,urban,young_family,employed,8088,stable,575,143513.84,6332.62,2564.5,1204.73,True,home,0.0,-50.63,78.3,31.71,-4094.74,0,critical
d119cce7-0c93-4d11-b7b8-14844d310aa9,6,2,4,urban,established_family,employed,13409,variable,754,216171.89,3076.83,4279.7,1797.14,True,retirement,0.6,4.19,22.95,31.92,562.31,34,high
f0675c88-6bca-4263-b6cd-630accc9e77f,3,2,1,urban,young_family,employed,5448,stable,539,76327.31,836.06,872.51,740.38,False,home,2.59,14.97,15.35,16.02,815.58,66,low
eccf2458-5ad0-4409-bd75-b92db9a2d5cf,1,1,0,urban,young_professional,employed,4138,stable,334,89103.73,4451.15,895.24,436.31,True,emergency_fund,0.0,-66.41,107.57,21.63,-2747.96,0,critical
52454221-d836-4f25-9156-cddae93c121a,4,2,2,rural,established_family,employed,10475,stable,677,263848.45,9229.8,1877.4,797.51,True,retirement,0.0,-38.67,88.11,17.92,-4050.22,0,critical
dbacea56-3a40-4118-a868-53448ff93ff6,4,2,2,rural,young_family,employed,6887,stable,576,152729.32,5363.67,3317.73,1024.81,False,home,0.0,-90.98,77.88,48.17,-6265.76,0,critical
b9a7ffe7-d432-4adc-8b18-ad9fb037ce8b,4,2,2,urban,established_family,employed,10522,variable,645,219994.4,5301.43,3815.23,2089.58,True,retirement,0.0,-27.6,50.38,36.26,-2904.24,0,critical
ed6a2d42-8409-4c8c-bb76-bbd2421d267f,2,2,0,suburban,empty_nesters,employed,7859,variable,582,114839.84,2765.96,1908.5,1065.3,True,retirement,1.37,8.38,35.19,24.28,658.95,32,high
d2d18b8b-34f1-486c-89a1-6927a71ff603,2,2,0,suburban,empty_nesters,employed,10802,variable,695,310930.29,10988.92,2775.09,1690.92,True,retirement,0.0,-57.35,101.73,25.69,-6194.86,0,critical
5aeb741e-06ab-4ca1-8244-8f485d291ca4,1,1,0,urban,young_professional,employed,6199,stable,353,181287.77,4752.64,1237.78,1184.41,True,emergency_fund,0.0,-43.17,76.67,19.97,-2675.98,0,critical
ba2e2193-bd7d-48ad-a50c-c3415a424cb7,1,1,0,suburban,young_professional,employed,6251,stable,509,99507.36,3946.14,1994.71,970.84,True,emergency_fund,0.0,-34.55,63.13,31.91,-2159.41,0,critical
e906a256-2d93-4c7d-bcf8-f0d8d0a29fe1,1,1,0,rural,young_professional,employed,4233,stable,435,13409.55,145.17,761.95,679.59,False,emergency_fund,11.71,43.49,3.43,18.0,1841.12,96,none
caf095cc-723e-49c3-8f79-d2f4f1bf2f9e,4,2,2,urban,young_family,employed,5049,stable,527,145559.15,4441.02,1275.87,492.85,True,home,0.0,-79.3,87.96,25.27,-4003.9,0,critical
7a7ab57e-aca6-4ee7-b4a7-57c5d50a5d44,2,2,0,suburban,retiree,retired,4397,stable,515,25621.21,1031.99,1463.8,760.63,False,other,0.0,-4.75,23.47,33.29,-208.86,15,critical
f4fb7b15-ac1e-4b3c-95fb-d517dd5a1617,2,2,0,suburban,empty_nesters,employed,8165,variable,477,102311.23,2230.71,1796.6,787.69,True,retirement,3.26,16.6,27.32,22.0,1355.67,60,low
e1e59ebd-1bea-4d6a-8e4e-7028fc3e24f1,4,2,2,suburban,established_family,employed,10613,stable,850,267761.64,11497.14,3693.92,2098.82,True,retirement,0.0,-72.26,108.33,34.81,-7669.05,0,critical
08061dbe-6e83-4901-84e4-af83e7bd73cf,2,2,0,urban,empty_nesters,employed,12550,stable,819,64003.04,1477.28,5249.78,1114.11,True,retirement,5.03,26.13,11.77,41.83,3278.85,86,none
edf0d6e4-f796-4930-affc-0f7d6a515db1,2,2,0,suburban,empty_nesters,employed,11467,seasonal,810,213527.08,7507.85,2768.68,1477.85,True,retirement,0.0,-9.03,65.47,24.14,-1035.72,0,critical
0d796479-1f62-4eb4-bf7f-99737faf2f14,1,1,0,suburban,young_professional,employed,5262,stable,603,80848.17,3466.68,1634.92,722.6,True,emergency_fund,0.0,-29.6,65.88,31.07,-1557.73,0,critical
5ba691d6-83b8-455e-8116-36a69ab9a794,1,1,0,suburban,young_professional,employed,6150,stable,492,78669.92,3897.46,1349.94,691.54,True,emergency_fund,0.0,-18.48,63.37,21.95,-1136.55,0,critical
8d5ba425-05ed-48b3-ae8d-2d8a1e96e075,4,2,2,urban,young_family,employed,6548,stable,433,21414.29,271.72,2262.47,391.36,False,home,0.8,5.49,4.15,34.55,359.75,54,medium
7eef860a-260e-4414-847e-fe8c5b265416,4,2,2,urban,established_family,employed,12610,stable,790,170100.93,2788.03,3632.76,1109.51,True,retirement,3.48,20.4,22.11,28.81,2572.47,72,low
35fece1d-b07a-4a3c-9f69-c3cb961b19bb,1,1,0,suburban,young_professional,employed,6557,variable,572,147043.69,2402.22,2237.92,1273.57,True,emergency_fund,0.0,-5.88,36.64,34.13,-385.77,1,critical
43666471-aef4-43e1-b34e-1775d46e6500,2,2,0,rural,empty_nesters,employed,11512,stable,741,322577.9,9408.85,3997.06,809.64,True,retirement,0.0,-33.97,81.73,34.72,-3910.11,0,critical
7d37af27-134f-4035-bb53-8c83788ae32b,4,2,2,urban,established_family,employed,12435,variable,719,99847.22,1258.01,1865.25,2446.0,True,retirement,11.01,40.69,10.12,15.0,5060.37,90,none
172ed606-9e79-47fc-aa88-64749f6263c0,1,1,0,suburban,young_professional,employed,4729,variable,557,27259.56,401.55,1082.63,733.98,False,emergency_fund,6.08,26.18,8.49,22.89,1238.16,92,none
2ca007cf-feff-405a-a86d-6dad1a9e25b8,3,2,1,urban,young_family,employed,8486,stable,645,155496.09,5850.6,3845.78,575.96,True,home,0.0,-59.6,68.94,45.32,-5057.35,0,critical
a0114aed-cf00-440f-9454-75b6e76286cd,1,1,0,urban,young_professional,employed,3456,stable,378,53869.66,591.7,964.8,222.09,False,emergency_fund,0.0,-2.9,17.12,27.92,-100.3,24,high
601bbc31-cf5d-492a-bb9d-ef903c96e291,1,1,0,urban,young_professional,employed,5375,stable,452,5068.97,151.41,2687.5,442.88,True,emergency_fund,0.0,-1.83,2.82,50.0,-98.61,39,high
c64d3044-7aa1-421e-be00-83a202bec201,1,1,0,rural,young_professional,employed,3304,stable,360,116290.4,1637.11,800.06,260.91,True,emergency_fund,0.0,-42.82,49.55,24.21,-1414.75,0,critical
8badee2c-76db-44fd-91d5-e6ee812082fd,5,2,3,suburban,established_family,employed,11679,stable,817,154471.48,3764.81,3299.84,758.71,True,retirement,0.87,6.41,32.24,28.25,748.72,30,high
0575da0f-e543-4e5d-8820-206d1cd5e96d,1,1,0,suburban,young_professional,employed,6058,variable,475,88393.73,3391.1,2229.98,932.97,True,emergency_fund,0.0,-31.05,55.98,36.81,-1880.74,0,critical
bc38f7b2-5648-49e5-9cd1-e40ef0c97fcd,3,2,1,rural,young_family,employed,8557,variable,586,206782.92,10247.32,2896.75,1265.27,True,home,0.0,-91.34,119.75,33.85,-7816.26,0,critical
69ec547c-bbfb-4d4e-b97c-3813cda58fa1,1,1,0,urban,young_professional,employed,5245,stable,528,107084.74,1310.45,786.75,778.27,True,emergency_fund,3.52,15.92,24.98,15.0,835.14,62,low
38d7ce22-7a46-4ea7-be39-8bdf0535d426,4,2,2,urban,established_family,employed,11396,stable,589,28571.22,1336.4,1754.72,2184.78,True,retirement,6.4,25.8,11.73,15.4,2940.55,89,none
6fd166ec-1818-48fa-bf50-473ea8176ebb,2,2,0,rural,retiree,retired,3768,variable,438,10484.42,256.77,1146.65,412.81,True,other,4.71,25.17,6.81,30.43,948.28,89,none
787c8224-058b-49ef-8eca-8bcc959ca9cd,1,1,0,urban,young_professional,employed,4390,stable,441,149192.63,3853.24,982.96,430.68,True,emergency_fund,0.0,-53.71,87.77,22.39,-2357.86,0,critical
99b093f3-2395-48f1-a8bc-0d23f770f161,2,2,0,urban,empty_nesters,employed,10493,stable,615,296240.49,6478.15,3418.55,1808.43,True,retirement,0.0,-13.01,61.74,32.58,-1365.51,0,critical
4f11ad5a-03a5-4495-b567-3a54b007526d,2,2,0,urban,retiree,retired,3396,stable,365,8464.45,153.0,1284.01,522.64,True,other,3.0,17.94,4.51,37.81,609.37,83,none
d7dd8b0d-dbfd-4225-af19-0a27d0e2c65c,3,2,1,urban,young_family,employed,8236,stable,814,166051.88,7625.56,3546.07,1291.8,True,home,0.0,-61.52,92.59,43.06,-5066.56,0,critical
bd29aa0f-ef5d-4d42-9097-cdfd7708f44b,1,1,0,urban,young_professional,employed,5200,stable,380,178584.81,2011.85,1372.43,454.51,False,emergency_fund,1.19,8.0,38.69,26.39,416.24,28,high
6431d244-93d7-4605-8f2d-77c96254d585,3,2,1,rural,young_family,employed,8052,stable,752,11851.01,273.52,1605.66,1352.34,True,home,11.78,45.5,3.4,19.94,3663.62,96,none
43c9ad69-1fab-4424-aba4-da0792eb8bfe,1,1,0,urban,young_professional,employed,4145,stable,446,74262.34,2386.36,1774.43,320.33,False,emergency_fund,0.0,-54.47,57.57,42.81,-2257.77,0,critical
1181898f-5820-4277-9ddc-c90f4a775ec9,4,2,2,urban,young_family,employed,6790,stable,515,161142.31,2947.33,1908.67,378.57,True,home,0.0,-26.09,43.41,28.11,-1771.81,0,critical
669a7b5c-20e0-4a0f-854f-e9d1134c6cc8,6,2,4,suburban,established_family,employed,13873,variable,831,235276.69,9653.49,3609.77,1031.46,True,retirement,0.0,-26.66,69.58,26.02,-3698.76,0,critical
be594913-2bc8-4cf3-9bcd-1d01c1067ab6,4,2,2,urban,young_family,employed,5972,variable,622,64424.51,839.73,895.8,1107.9,True,home,3.32,19.16,14.06,15.0,1144.27,77,low
3e5fab29-2fbf-4497-8b37-a8ef0e61160a,4,2,2,rural,established_family,employed,9993,stable,639,194089.3,6221.23,1498.95,1407.17,True,retirement,0.0,-12.39,62.26,15.0,-1237.71,0,critical
f6bbf0e2-0ce5-4d27-8df9-d9563c8ffc8f,4,2,2,urban,young_family,employed,7574,variable,477,107453.56,2931.58,2250.31,869.1,False,home,0.0,-34.19,38.71,29.71,-2589.54,0,critical
d39ae0ba-90b5-4406-aaa5-17189818d1ca,2,2,0,suburban,retiree,retired,2782,seasonal,464,1997.22,88.42,655.68,527.81,True,other,2.69,14.42,3.18,23.57,401.27,76,low
3d93877f-8fcf-4fee-99e6-3de03d006c65,4,2,2,rural,young_family,employed,5136,stable,569,114531.27,5616.5,1143.01,548.1,True,home,0.0,-88.28,109.36,22.25,-4534.2,0,critical
bcd6f0ed-1f37-4b12-b3ea-de1131fa9350,6,2,4,urban,established_family,employed,12132,stable,850,179975.01,5555.49,6066.0,1630.91,True,retirement,0.0,-31.97,45.79,50.0,-3878.6,0,critical
955f5f67-daa7-4ab7-8474-fb941cd1c72e,5,2,3,urban,established_family,employed,13599,stable,768,406499.92,9323.64,3531.97,1824.52,True,retirement,0.0,-28.9,68.56,25.97,-3929.7,0,critical
ae470520-9a1d-4a8d-90ab-479a325c9237,4,2,2,urban,young_family,employed,5097,stable,568,178028.7,5422.45,1257.09,598.31,False,home,0.0,-101.76,106.39,24.66,-5186.49,0,critical
e62b5d0a-a48a-43b3-8588-e993ea6d9023,2,2,0,urban,empty_nesters,employed,12513,stable,783,52546.66,1405.6,1876.95,915.17,True,retirement,20.35,58.76,11.23,15.0,7352.96,89,none
4ce01df6-8c00-4c74-baa5-e9ff03fce51a,1,1,0,urban,young_professional,employed,4654,variable,324,157684.12,4663.88,1944.59,845.65,True,emergency_fund,0.0,-83.32,100.21,41.78,-3877.64,0,critical
69577b45-8735-441e-81a5-4af7f930f4f1,1,1,0,urban,young_professional,employed,6770,seasonal,532,137929.83,6446.59,2090.25,1059.43,True,emergency_fund,0.0,-55.38,95.22,30.88,-3749.19,0,critical
d9796959-3483-4712-bcb6-03045a010676,2,2,0,urban,empty_nesters,employed,7209,stable,573,60305.9,943.51,2280.89,631.85,False,retirement,3.52,18.11,13.09,31.64,1305.42,77,low
17430529-c3b3-410f-a13e-be1f2be79c00,1,1,0,suburban,retiree,retired,5114,stable,463,15905.87,713.45,804.2,717.43,True,other,6.43,23.74,13.95,15.73,1214.32,87,none
ea844c7e-216c-446a-bd9a-936555143550,1,1,0,urban,young_professional,employed,3222,stable,495,110536.22,5061.63,1611.0,560.4,True,emergency_fund,0.0,-170.36,157.1,50.0,-5488.94,0,critical
792a0d82-8793-4f7d-ba77-0af5e71f461d,1,1,0,rural,young_professional,employed,3101,seasonal,375,69274.65,2292.44,699.01,570.55,True,emergency_fund,0.0,-56.61,73.93,22.54,-1755.4,0,critical
f318affb-ef52-45bc-861c-b1a5d8000264,5,2,3,rural,established_family,employed,11224,stable,850,313651.74,13126.48,3405.18,580.75,True,retirement,0.0,-85.71,116.95,30.34,-9619.75,0,critical
d6da3f64-cf5b-4314-bc2e-d34661f07d8f,4,2,2,suburban,young_family,employed,6825,stable,683,201203.21,2405.95,2257.08,967.25,True,home,0.0,-17.39,35.25,33.07,-1187.08,0,critical
e4b8f73d-dc38-4fe8-bf43-fabfda03fb94,1,1,0,suburban,young_professional,employed,6635,variable,698,30908.32,1209.86,2154.14,740.88,True,emergency_fund,6.14,31.35,18.23,32.47,2080.05,83,none
38a7c8f4-96d1-4e56-9a82-cd1eaab86022,1,1,0,urban,young_professional,employed,6682,variable,602,192601.24,3146.34,2312.33,572.27,False,emergency_fund,0.0,-7.68,47.09,34.61,-513.19,0,critical
6809da3b-40a1-470c-bb7d-01999670149f,1,1,0,rural,young_professional,employed,4352,seasonal,573,115018.6,4266.5,1048.56,584.58,True,emergency_fund,0.0,-66.7,98.04,24.09,-2902.93,0,critical
11e2f180-f2fc-491d-bc9c-65db174cc42b,1,1,0,suburban,young_professional,employed,5269,stable,508,179972.21,4767.51,1935.32,948.24,True,emergency_fund,0.0,-75.11,90.48,36.73,-3957.7,0,critical
6a7de5f6-32bf-4851-985c-3b288cc3d987,4,2,2,urban,young_family,employed,9642,variable,552,317358.38,12137.03,3223.88,537.93,True,home,0.0,-93.85,125.88,33.44,-9048.73,0,critical
c0b0601f-ee6d-4492-a6c1-6739b2e50453,6,2,4,suburban,established_family,employed,14349,stable,850,370218.65,18349.53,3599.9,2135.42,False,retirement,0.0,-91.7,127.88,25.09,-13157.38,0,critical
cc913ba3-3120-4447-acd5-73ae929de6ec,4,2,2,urban,established_family,employed,13387,variable,736,272097.96,2912.76,5053.78,2057.06,True,retirement,1.29,8.28,21.76,37.75,1107.95,44,medium
17970dd2-83a8-479a-b34b-d4ee1f65e5b1,4,2,2,urban,young_family,employed,5255,stable,502,3680.91,99.63,1282.51,683.05,True,home,1.61,9.82,1.9,24.41,516.0,66,low
d37e2364-9732-4512-999d-7aba7f295e57,4,2,2,urban,established_family,employed,12597,stable,802,422679.71,5045.33,4335.85,856.74,True,retirement,0.0,-0.37,40.05,34.42,-46.39,8,critical
5ee4be88-dd1c-41dd-9510-761a0ceed2ff,4,2,2,suburban,young_family,employed,9973,stable,621,225655.41,6463.06,3675.44,1791.27,True,home,0.0,-46.42,64.81,36.85,-4629.36,0,critical
58c6a66f-8a39-4672-ad5b-1955d5c8533e,1,1,0,urban,retiree,retired,4677,stable,510,6699.83,184.53,1676.65,672.66,True,other,4.59,20.44,3.95,35.85,955.78,92,none
5c146a24-9b0d-4070-b2da-ebe60d604cb5,4,2,2,suburban,young_family,employed,5934,variable,530,144663.29,3350.37,2358.18,945.43,False,home,0.0,-69.51,56.46,39.74,-4124.64,0,critical
b8199141-9ae7-44fd-a4ba-5e0424bcfbdd,1,1,0,rural,young_professional,employed,3101,stable,493,74602.59,2806.47,696.26,264.13,False,emergency_fund,0.0,-56.7,90.5,22.45,-1758.38,0,critical
5c7002ae-bf07-494a-a3f8-c97e589836f9,1,1,0,suburban,young_professional,employed,5367,seasonal,596,165229.16,4618.26,1243.58,717.1,True,emergency_fund,0.0,-42.44,86.05,23.17,-2277.58,0,critical
ab72acb8-050e-4ef7-a3a4-8ec4afa4b8a9,2,2,0,suburban,empty_nesters,employed,7157,stable,610,2607.52,97.21,1325.52,1105.4,True,retirement,13.59,39.9,1.36,18.52,2855.84,98,none
cc8f0e66-ec07-40bd-86a0-0659130b96fe,4,2,2,urban,young_family,employed,7636,stable,682,208347.43,6459.22,2472.32,930.73,True,home,0.0,-53.72,84.59,32.38,-4102.06,0,critical
d0eb2840-84f1-4287-979e-d302ed36771c,1,1,0,urban,young_professional,employed,3159,stable,429,96105.89,2472.88,1165.88,476.47,True,emergency_fund,0.0,-61.89,78.28,36.91,-1955.0,0,critical
fe9c9895-2232-4fcb-98ae-7da1c8d85815,6,2,4,urban,established_family,employed,9467,stable,485,98295.0,1146.64,2634.53,1145.42,True,retirement,0.52,3.45,12.11,27.83,326.86,42,medium
c27daa64-c4c5-4b87-9d89-1fa33c7361bb,1,1,0,rural,young_professional,employed,4728,seasonal,521,114248.38,3426.5,1245.03,620.12,True,emergency_fund,0.0,-31.01,72.47,26.33,-1466.05,0,critical
ad119c94-6235-4890-9b04-33ac64bfe05b,2,2,0,urban,retiree,retired,4954,variable,399,34406.26,688.11,1576.81,705.52,True,other,2.18,12.04,13.89,31.83,596.59,61,low
8ed5c6c1-b6e5-4ac3-930a-3d57a95103a8,3,2,1,suburban,young_family,employed,5509,stable,428,15720.56,750.24,2438.38,926.84,True,home,0.0,-27.43,13.62,44.26,-1510.88,14,critical
f100203a-c4d7-4aee-bef8-338301ec794b,4,2,2,suburban,young_family,employed,7265,variable,615,111203.48,2832.51,1148.77,764.94,True,home,0.0,-1.21,38.99,15.81,-88.19,7,critical
f7d3d1f9-a12d-445a-a222-4d15f3e5486e,1,1,0,urban,young_professional,employed,6049,stable,445,37122.81,856.32,2313.92,1138.39,True,emergency_fund,1.69,9.08,14.16,38.25,548.98,54,medium
caa4097c-9d29-4c99-8c46-764200edce9a,3,2,1,rural,young_family,employed,7779,seasonal,638,18376.89,463.33,2299.32,1091.67,True,home,4.88,24.05,5.96,29.56,1870.76,91,none
94c8ea3f-4796-4bde-b6f4-23921cdba0d5,4,2,2,suburban,established_family,employed,11745,variable,731,361057.78,8485.33,3783.54,752.57,False,retirement,0.0,-46.57,72.25,32.21,-5470.1,0,critical
ec89382b-20ff-44bc-8c49-5d1822f4e2be,4,2,2,suburban,young_family,employed,6665,stable,593,208215.36,5148.35,1578.77,1282.12,True,home,0.0,-57.37,77.24,23.69,-3823.97,0,critical
1da8cd4d-e0f3-43b9-9e89-cf7b169c8a5c,1,1,0,urban,young_professional,employed,6321,stable,459,81104.43,2093.57,1433.25,588.1,True,emergency_fund,3.39,19.34,33.12,22.67,1222.25,60,low
8ebaa6ea-b473-4a30-aaea-bce70ac53b12,1,1,0,suburban,young_professional,employed,6806,stable,574,72622.34,3088.75,2549.84,811.91,True,emergency_fund,0.0,-4.59,45.38,37.46,-312.45,0,critical
089d84c3-2751-48a2-a761-03a0e92ed2ae,2,2,0,urban,empty_nesters,employed,9406,stable,611,312696.56,9795.37,2616.51,1486.01,True,retirement,0.0,-47.97,104.14,27.82,-4511.73,0,critical
bd029b7a-1145-4113-9259-b9ee6ea9ef1f,5,2,3,urban,established_family,employed,14461,stable,850,135420.62,2125.28,5248.66,1777.25,True,retirement,2.96,18.1,14.7,36.3,2617.99,73,low
2afcd23d-5e40-40c7-b05e-29beec901985,2,2,0,suburban,empty_nesters,employed,10112,stable,547,327754.08,4775.63,1516.8,978.24,False,retirement,1.25,7.66,47.23,15.0,774.78,20,high
70d179ba-b44a-4ab1-b187-9216a827c90b,4,2,2,rural,young_family,employed,6112,stable,465,113131.11,4779.16,1235.16,940.14,True,home,0.0,-72.86,78.19,20.21,-4453.39,0,critical
bf077832-f2e2-4b0a-b4d6-61bf55fff909,5,2,3,suburban,established_family,employed,14792,variable,850,509428.47,8219.74,3400.24,2338.77,False,retirement,0.0,-8.55,55.57,22.99,-1265.16,0,critical
fae4dbb8-9b22-4808-bd9a-15ce651c4ebc,4,2,2,rural,established_family,employed,9028,stable,697,314537.49,6735.91,4325.76,670.49,True,retirement,0.0,-58.7,74.61,47.91,-5299.37,0,critical
809071cb-cd2c-4bf4-9b67-2b46c5c7a03d,3,2,1,urban,young_family,employed,8814,stable,732,64184.18,2243.85,4368.47,1367.82,False,home,0.0,-8.56,25.46,49.56,-754.26,6,critical
126b71da-4b1d-410f-bab9-1df2c1aa2286,6,2,4,urban,established_family,employed,11159,stable,751,91350.89,4277.1,3235.39,673.66,False,retirement,0.0,-23.23,38.33,28.99,-2591.76,0,critical
c45ac4ae-e6a1-487c-a3d4-8183dfc953b1,1,1,0,rural,retiree,retired,2685,stable,313,17816.56,743.41,788.38,264.11,True,other,0.0,-26.71,27.69,29.36,-717.09,2,critical
b20c5ab0-ecc3-46c6-bd76-075ed04f58e2,3,2,1,rural,young_family,employed,5733,seasonal,372,100221.62,2421.09,2866.5,816.43,True,home,0.0,-39.59,42.23,50.0,-2269.91,0,critical
42897594-bd98-45b5-8471-83698a94932a,4,2,2,urban,established_family,employed,11869,stable,757,29288.59,1026.77,2917.83,1586.08,False,retirement,6.51,31.36,8.65,24.58,3722.53,92,none
c9406988-9335-4a53-8787-cfa44ebf1edf,4,2,2,urban,established_family,employed,14918,seasonal,765,243409.27,3941.64,3884.39,2899.56,True,retirement,4.3,24.53,26.42,26.04,3658.74,70,low
a7c8e116-32ab-4a15-817f-96033191a202,5,2,3,rural,established_family,employed,11836,seasonal,774,16635.12,391.84,2106.21,1337.93,True,retirement,11.01,43.78,3.31,17.79,5181.86,96,none
26d7bd79-be5b-4cfe-a7dc-821cc4fdc85c,4,2,2,urban,established_family,employed,12746,stable,673,283847.44,6069.29,4118.82,1835.73,True,retirement,0.0,-4.9,47.62,32.31,-624.46,0,critical
bad5ce31-571a-4180-9054-4dc2426a3465,2,2,0,urban,empty_nesters,employed,8640,stable,584,15576.4,289.88,2676.55,688.35,True,retirement,7.91,29.45,3.36,30.98,2544.22,96,none
cd452b2e-f8f9-48b7-bb63-af950af6ab59,2,2,0,suburban,empty_nesters,employed,9553,variable,521,10738.34,292.11,2386.11,729.84,True,retirement,14.78,46.76,3.06,24.98,4467.3,97,none
962882bb-61be-48a8-9b9d-ef4c5a7034e3,4,2,2,urban,young_family,employed,5804,stable,607,183478.07,5494.28,1912.55,1058.66,True,home,0.0,-89.57,94.66,32.95,-5198.48,0,critical
6dab4f20-d7b5-4e11-885a-1515e5e844ab,5,2,3,urban,established_family,employed,12255,stable,850,136653.14,6224.38,3564.97,1317.57,True,retirement,0.0,-14.13,50.79,29.09,-1731.8,0,critical
8f35acfe-8e08-49cd-9df8-deff9de95a19,2,2,0,rural,empty_nesters,employed,7930,stable,608,2278.35,94.0,2579.21,1351.74,False,retirement,7.53,30.16,1.19,32.52,2392.0,98,none
2e38ce38-2273-4c3c-83a2-2e0d2f8436a3,6,2,4,urban,established_family,employed,14156,stable,686,253345.45,11162.39,4756.34,1103.7,True,retirement,0.0,-59.15,78.85,33.6,-8373.86,0,critical
0ddcbdfa-b04a-4c8b-8144-a09fef941d4a,1,1,0,urban,retiree,retired,3239,stable,300,19421.3,377.49,739.01,388.0,False,other,0.84,3.99,11.65,22.82,129.39,44,medium
1e99cae5-387d-4f7b-a6c2-d1967dcb62c9,1,1,0,urban,young_professional,employed,5504,seasonal,300,70697.16,2144.36,1877.8,629.88,True,emergency_fund,0.0,-8.05,38.96,34.12,-443.07,0,critical
f58035b2-cd54-43a9-98e4-f252999fb306,2,2,0,suburban,empty_nesters,employed,12660,stable,741,448049.11,14633.62,3701.38,923.22,True,retirement,0.0,-66.25,115.59,29.24,-8387.56,0,critical
c5911069-aced-4f8f-870d-97998fe2439a,2,2,0,urban,empty_nesters,employed,10587,stable,734,340906.18,5944.89,3664.14,874.65,True,retirement,0.0,-10.23,56.15,34.61,-1083.43,0,critical
f9d6549b-a1e5-416e-95f1-a8a285316080,2,2,0,urban,retiree,retired,5603,stable,587,13146.96,241.91,2606.79,815.84,True,other,3.56,20.05,4.32,46.52,1123.44,88,none
db51fdf7-8714-48df-b659-59aac2c8c9a4,1,1,0,urban,young_professional,employed,6161,stable,563,13191.77,432.39,1766.64,992.41,True,emergency_fund,6.37,25.19,7.02,28.67,1552.2,93,none
f2a2e963-b337-4144-9ce8-825767a84027,2,2,0,urban,empty_nesters,employed,12731,stable,850,77389.79,2699.23,3384.07,2353.21,True,retirement,7.99,37.37,21.2,26.58,4757.23,80,none
7d20bfff-871a-47a5-9e0c-1a7bd4a63e22,1,1,0,suburban,young_professional,employed,6739,variable,426,80505.59,1294.08,1010.85,1207.32,True,emergency_fund,11.7,44.62,19.2,15.0,3006.91,82,none
40c71a09-0a26-46b1-a1f9-035376df829c,4,2,2,rural,young_family,employed,5549,stable,470,34711.47,1205.9,1415.76,530.99,True,home,0.0,-22.52,21.73,25.51,-1249.43,7,critical
fb176f5c-e66c-4969-b912-2e03db4a4136,6,2,4,urban,established_family,employed,8258,stable,568,231001.79,2362.46,3168.45,516.75,True,retirement,0.0,-34.41,28.61,38.37,-2841.8,1,critical
d7dd6f72-09a9-42cc-9c2a-f7a4e77b989b,1,1,0,suburban,young_professional,employed,6756,stable,569,236105.71,3419.77,2529.84,1197.76,True,emergency_fund,0.0,-18.28,50.62,37.45,-1234.94,0,critical
9a4516c8-8886-403f-8654-2a62ceffd3d9,4,2,2,urban,established_family,employed,10204,seasonal,735,147418.04,4415.68,3772.92,741.45,True,retirement,0.0,-16.23,43.27,36.97,-1656.25,0,critical
c5699261-a6c7-448e-8931-6f30f9425b47,6,2,4,suburban,established_family,employed,14580,stable,734,174253.75,6451.69,4814.88,2195.28,True,retirement,0.0,-19.03,44.25,33.02,-2774.36,0,critical
2aecebf4-619e-49b5-9a41-325a9bf89ee8,4,2,2,rural,young_family,employed,5745,stable,531,165360.85,2505.09,1441.25,470.98,False,home,0.0,-34.18,43.6,25.09,-1963.46,0,critical
84b2d06d-d567-42c7-96bd-63c87f7d8bb5,4,2,2,rural,established_family,employed,12029,stable,667,299477.55,13401.9,4422.74,1961.97,True,retirement,0.0,-92.98,111.41,36.77,-11184.22,0,critical
a8947609-c1b7-45ae-8fb0-0bf1f9d4ce40,3,2,1,urban,young_family,employed,7843,variable,428,273665.5,3668.26,2554.45,796.36,True,home,0.0,-13.18,46.77,32.57,-1033.63,0,critical
512f7e67-07ea-4032-a2a0-6b2adc3f98d0,2,2,0,suburban,retiree,retired,5865,variable,496,18496.42,711.79,1577.48,555.88,True,other,3.21,14.84,12.14,26.9,870.38,71,low
dcf695db-1d5c-474e-882f-50fb9c878a76,4,2,2,urban,young_family,employed,5878,stable,560,117253.51,1531.54,2025.68,1022.65,True,home,0.0,-23.9,26.06,34.46,-1404.93,3,critical
e10011f7-648a-43e8-ae80-37d5737398ad,6,2,4,suburban,established_family,employed,12972,stable,850,183545.68,6767.86,3496.08,2569.81,False,retirement,0.0,-19.3,52.17,26.95,-2504.21,0,critical
2e55260f-8e9c-465e-9cb1-83b679dec01d,2,2,0,urban,retiree,retired,5265,variable,445,29368.91,931.27,1706.46,503.76,True,other,0.0,-3.17,17.69,32.41,-166.86,23,high
7d126de3-2f18-43b5-8a23-4aa5e6d813fa,6,2,4,urban,established_family,employed,10486,seasonal,726,165993.7,5028.76,1572.9,1174.89,True,retirement,0.0,-5.9,47.96,15.0,-618.85,0,critical
d6eeddd4-66b0-4d1f-9519-11d73a4956e9,3,2,1,urban,young_family,employed,9922,seasonal,636,31441.67,1269.57,3302.49,639.78,True,home,4.16,21.5,12.8,33.28,2133.39,82,none
3522e8fa-a319-4038-978d-caa69eb39b52,2,2,0,urban,empty_nesters,employed,12540,variable,813,171231.55,4676.79,6069.67,1672.96,True,retirement,0.0,-1.75,37.29,48.4,-218.94,8,critical
b1762ada-95e6-4003-b7f6-856a695a3405,1,1,0,suburban,young_professional,employed,4448,stable,546,20593.11,806.83,2158.37,705.58,True,emergency_fund,0.0,-15.19,18.14,48.52,-675.53,10,critical
141cbea6-4f4f-4887-b2f3-e98ebad6cfb4,5,2,3,suburban,established_family,employed,9612,variable,769,185386.92,7987.12,1924.32,1336.65,True,retirement,0.0,-43.71,83.1,20.02,-4201.61,0,critical
6fcc3bfe-04eb-42a0-8dd9-968f3372734a,1,1,0,suburban,young_professional,employed,3865,stable,498,61166.28,1874.07,877.84,434.24,True,emergency_fund,0.0,-5.3,48.49,22.71,-204.86,0,critical
ca292ad8-21ab-4dd8-9b3b-f01181412163,5,2,3,urban,established_family,employed,10825,stable,662,284793.47,9552.63,4419.09,1615.71,True,retirement,0.0,-76.83,88.25,40.82,-8317.34,0,critical
d177e537-cad3-4283-a311-7db9e2b42fd4,3,2,1,urban,young_family,employed,8517,stable,699,272933.76,7914.63,4080.27,1541.38,True,home,0.0,-74.96,92.93,47.91,-6384.29,0,critical
8c11a104-63d4-41d3-bdfc-9e7500a2e667,1,1,0,suburban,young_professional,employed,5955,stable,575,195453.53,9482.84,2308.87,955.71,True,emergency_fund,0.0,-138.04,159.24,38.77,-8220.3,0,critical
f12cee66-a335-4270-9596-54b835cd4921,1,1,0,urban,retiree,retired,3637,stable,484,5465.14,171.46,545.55,665.22,True,other,14.18,46.93,4.71,15.0,1706.68,95,none
3bd3eff9-7e52-4836-919f-fefa648833ea,1,1,0,suburban,young_professional,employed,3661,stable,300,42724.51,1904.9,928.89,685.49,False,emergency_fund,0.0,-47.76,52.03,25.37,-1748.42,0,critical
242bfcd3-b7fa-4af9-9bc3-51fb16d3750a,2,2,0,urban,empty_nesters,employed,10451,stable,629,333474.87,15498.23,3861.52,1059.33,True,retirement,0.0,-109.09,148.29,36.95,-11401.23,0,critical
e86208f8-8399-48c5-a2d6-17e88774f8f8,1,1,0,urban,young_professional,employed,6758,stable,599,168916.57,6650.53,1303.98,968.45,True,emergency_fund,0.0,-40.09,98.41,19.3,-2709.09,0,critical
534b7ed3-7c2a-40ca-96f0-2487b7de0c7a,4,2,2,urban,young_family,employed,5409,stable,523,90202.77,4278.57,1232.4,474.37,False,home,0.0,-69.61,79.1,22.78,-3765.26,0,critical
7f502293-2d36-4525-b2ce-f270186263e2,6,2,4,rural,established_family,employed,9717,variable,692,26124.87,460.85,3882.46,1130.28,True,retirement,0.0,-2.09,4.74,39.96,-203.17,37,high
896c64f7-9935-4d60-a6cc-54bf9fb86cf5,3,2,1,urban,young_family,employed,7615,stable,606,128037.96,4281.5,1974.54,465.12,True,home,0.0,-18.48,56.22,25.93,-1407.03,0,critical
bb4415cd-789f-455a-a399-abcdd9614299,5,2,3,urban,established_family,employed,9475,variable,720,118732.36,5399.02,2749.4,924.41,True,retirement,0.0,-32.41,56.98,29.02,-3071.06,0,critical
d473b96a-4771-4003-9203-86b2a2bb05eb,4,2,2,urban,established_family,employed,14774,stable,762,357226.78,4159.45,4956.46,2171.97,True,retirement,1.62,10.61,28.15,33.55,1567.28,44,medium
57add2f4-bd80-4fb2-afbc-9814cd486936,3,2,1,suburban,young_family,employed,7682,variable,567,9817.48,415.06,2673.8,1116.78,True,home,3.72,20.05,5.4,34.81,1540.22,88,none
bae2e624-afd5-4740-87f1-868b95544da2,1,1,0,suburban,young_professional,employed,3184,stable,439,35430.35,1342.8,743.53,600.11,True,emergency_fund,0.0,-3.63,42.17,23.35,-115.46,0,critical
7bf570f4-8e72-4d15-9687-cbf0df918d8a,4,2,2,suburban,young_family,employed,5747,stable,527,203516.96,9627.63,1227.56,834.25,True,home,0.0,-146.16,167.52,21.36,-8399.54,0,critical
5587cda5-e793-4d2b-a301-575a9193b983,2,2,0,urban,empty_nesters,employed,11996,stable,808,87450.53,3725.41,5053.01,1012.59,True,retirement,1.33,9.04,31.06,42.12,1084.83,37,high
98fc83e8-5490-474b-ac1f-9c554ff4f2cb,6,2,4,rural,established_family,employed,10893,stable,753,197568.28,4378.11,5446.5,1396.98,True,retirement,0.0,-40.43,40.19,50.0,-4404.24,0,critical
f5976492-222a-451c-a4a4-c6c5db22928f,3,2,1,rural,young_family,employed,9842,stable,812,207004.18,10178.32,3105.97,1028.05,True,home,0.0,-59.8,103.42,31.56,-5885.83,0,critical
cf9193c7-1dac-474f-8245-af13e31d8b0e,3,2,1,urban,young_family,employed,5839,stable,479,152935.56,4644.66,1096.31,904.79,True,home,0.0,-66.35,79.55,18.78,-3874.26,0,critical
c1518c2f-3019-4aa2-a1bb-148028e20fdc,3,2,1,rural,young_family,employed,8840,stable,711,49636.32,1713.7,4100.21,1077.62,True,home,0.0,-2.22,19.39,46.38,-196.16,23,high
dc598549-1f28-4e09-908a-6bb82eeb47f8,3,2,1,suburban,young_family,employed,9782,stable,662,59489.75,1655.55,2992.69,930.18,True,home,3.16,17.48,16.92,30.59,1710.04,71,low
8515dc5b-5315-41d8-a83a-2be7297ddf51,4,2,2,urban,young_family,employed,8445,stable,730,74671.23,1940.24,1909.82,424.37,True,home,1.95,11.97,22.98,22.61,1010.46,52,medium
cc5d93fd-c29c-4354-ae74-458d96fb7de6,1,1,0,urban,retiree,retired,5459,stable,448,37521.27,1139.36,1714.67,1012.41,True,other,0.25,1.36,20.87,31.41,74.4,29,high
f018220e-d88e-4337-9023-339b3357668e,2,2,0,urban,empty_nesters,employed,12685,stable,847,6884.15,327.81,1902.75,1875.04,True,retirement,24.0,67.08,2.58,15.0,8509.44,97,none
26e04b9b-00f3-420f-b45a-562ce0fe5903,3,2,1,rural,young_family,employed,8618,stable,545,276438.57,12431.99,3192.62,1412.91,True,home,0.0,-124.28,144.26,37.05,-10710.37,0,critical
1ef360d6-8e80-4811-aa36-2f072c2481e8,2,2,0,urban,empty_nesters,employed,11833,stable,705,159630.28,5774.58,1774.95,2223.01,False,retirement,1.75,10.74,48.8,15.0,1270.8,25,high
fee7d7b0-d22c-4485-8180-78e035b247b5,2,2,0,urban,empty_nesters,employed,10587,stable,720,321813.95,9648.57,3015.78,1318.4,True,retirement,0.0,-40.14,91.14,28.49,-4249.29,0,critical
5820bab5-a528-4238-8234-a59c16515b0d,3,2,1,urban,young_family,employed,8922,stable,562,280619.43,4215.03,3488.22,556.86,True,home,0.0,-18.83,47.24,39.1,-1679.68,0,critical
5a9e290d-7b45-48d6-aec1-d29b1c2bd06a,4,2,2,urban,established_family,employed,9174,seasonal,529,266303.45,11405.75,1691.78,1757.85,True,retirement,0.0,-90.52,124.33,18.44,-8304.31,0,critical
a02b3e35-77d3-430d-9cbd-75935b6853b0,3,2,1,urban,young_family,employed,5086,stable,610,174233.14,6656.23,2253.46,651.88,True,home,0.0,-122.1,130.87,44.31,-6210.02,0,critical
1ce1b448-1f2b-4507-b8a1-cfc71dee67b1,5,2,3,suburban,established_family,employed,10862,variable,700,335674.55,15665.39,2875.11,955.2,True,retirement,0.0,-110.32,144.22,26.47,-11982.58,0,critical
7d6fa641-9c88-481d-a31a-795490ad1017,4,2,2,rural,established_family,employed,10638,seasonal,753,371085.69,18423.69,2688.08,1646.75,True,retirement,0.0,-135.51,173.19,25.27,-14415.35,0,critical
aee54493-dd53-4ec0-beb1-5290a3d0a0f4,2,2,0,rural,empty_nesters,employed,8625,variable,728,263157.27,2720.65,2047.85,1060.65,True,retirement,2.95,16.76,31.54,23.74,1445.83,56,medium
148a233a-df10-45e1-bbf4-cb2ac5ec6d29,1,1,0,rural,young_professional,employed,3388,stable,304,81322.17,3919.17,1155.84,346.59,True,emergency_fund,0.0,-108.08,115.68,34.12,-3661.75,0,critical
36b063cb-59eb-4b68-a2af-d96e4515cd3c,3,2,1,urban,young_family,employed,8207,stable,683,224569.14,3817.21,3003.8,473.44,True,home,0.0,-22.91,46.51,36.6,-1880.33,0,critical
358770e5-1bc9-47df-824c-76778a3a8e36,1,1,0,suburban,young_professional,employed,5696,stable,404,35946.46,1704.73,1362.24,458.81,True,emergency_fund,0.0,-4.42,29.93,23.92,-251.79,10,critical
fa1bdd2a-a628-4f43-ad2b-d82eb24cfc7b,5,2,3,suburban,established_family,employed,9932,stable,711,34995.52,1595.65,2307.28,1865.83,True,retirement,3.05,18.77,16.07,23.23,1863.76,74,low
954fd758-d4d2-46ed-bc8c-de5233345da1,4,2,2,urban,young_family,employed,8047,stable,605,51742.57,2259.4,3054.65,988.78,True,home,0.0,-5.32,28.08,37.96,-428.4,10,critical
d62131f4-3efa-4af6-88ce-b5a2961ab07b,2,2,0,suburban,empty_nesters,employed,11674,stable,682,80410.83,2964.22,4925.88,952.24,False,retirement,1.53,10.03,25.39,42.2,1171.18,45,medium
058b63ce-27fd-4d39-8cf2-1dce89067bed,1,1,0,suburban,young_professional,employed,3734,stable,445,118184.73,4167.69,1441.2,555.49,True,emergency_fund,0.0,-92.37,111.61,38.6,-3449.02,0,critical
8aaa6dde-6c48-4cb4-9c67-c1e2fff4374c,2,2,0,urban,empty_nesters,employed,7659,variable,585,8750.19,319.57,1813.01,1208.32,True,retirement,14.71,49.99,4.17,23.67,3829.09,96,none
9279e2c1-858b-4bcc-93c8-85bfb01e5f7b,1,1,0,urban,young_professional,employed,6450,variable,594,202807.14,5032.55,2588.0,878.81,True,emergency_fund,0.0,-38.66,78.02,40.12,-2493.32,0,critical
d433e0c1-1560-47a9-a560-634d280906d7,2,2,0,urban,empty_nesters,employed,10063,variable,790,349849.05,17141.24,1747.83,1867.64,True,retirement,0.0,-102.38,170.34,17.37,-10302.64,0,critical
8592efb2-76ac-465a-ad65-ba4d379fafc5,2,2,0,urban,empty_nesters,employed,10835,seasonal,721,332773.54,10812.13,4075.44,985.97,True,retirement,0.0,-60.61,99.79,37.61,-6567.17,0,critical
3209c72e-e72d-4ec1-a32d-2f9c0a6a0c80,6,2,4,urban,established_family,employed,12463,variable,730,56042.83,2451.34,2192.48,1564.88,False,retirement,1.89,11.71,19.67,17.59,1458.81,54,medium
d2a2c2a0-0909-4c27-99c9-3d67a4eb0a8a,3,2,1,urban,young_family,employed,5162,stable,483,139629.97,1449.95,1536.06,869.22,True,home,0.0,-19.14,28.09,29.76,-987.89,1,critical
ffd472a0-6b24-4d0f-94b6-31ddc3a0a8c8,4,2,2,rural,established_family,employed,11856,variable,582,387552.69,9973.21,4439.35,2251.74,True,retirement,0.0,-64.46,84.12,37.44,-7642.55,0,critical
4d137621-dfa0-4405-9a41-55c70ed47e9a,4,2,2,urban,young_family,employed,7291,stable,572,108721.3,5252.33,3017.85,1329.58,True,home,0.0,-70.59,72.04,41.39,-5146.39,0,critical
1585dfa5-76fe-4e8a-bb49-3b784af95492,5,2,3,urban,established_family,employed,8110,stable,543,263312.25,3867.86,2216.2,1435.75,True,retirement,0.0,-42.59,47.69,27.33,-3454.24,0,critical
aa9aa2e3-b03e-41f6-b8b2-8ae164b9a136,3,2,1,rural,young_family,employed,7255,seasonal,628,4899.98,82.32,2983.35,1235.7,True,home,3.66,20.59,1.13,41.12,1493.71,91,none
5e75e034-e6ab-40e5-ab73-4ca6a1441e21,1,1,0,urban,young_professional,employed,5322,stable,594,48053.41,2286.61,1589.13,878.69,True,emergency_fund,0.0,-5.22,42.97,29.86,-277.74,0,critical
f24494c4-08ac-4a8b-93d5-43d810a12da0,2,2,0,urban,empty_nesters,employed,11343,stable,750,43201.4,1991.42,3790.64,1961.98,True,retirement,6.01,30.52,17.56,33.42,3462.26,84,none
547ea932-4f76-4e43-8290-16698516b559,1,1,0,rural,young_professional,employed,4837,stable,473,12286.92,416.08,1968.96,281.64,True,emergency_fund,0.0,-0.58,8.6,40.71,-28.06,36,high
5dd91e07-994b-45f0-8d2b-5be2f9b2681a,1,1,0,suburban,young_professional,employed,3995,stable,439,66193.68,1938.73,1997.5,489.99,True,emergency_fund,0.0,-28.55,48.53,50.0,-1140.63,0,critical
9e1ec312-1881-4639-ad5c-94990961e19c,2,2,0,suburban,empty_nesters,employed,10851,stable,701,351193.47,6399.29,1954.26,1420.88,True,retirement,0.49,3.56,58.97,18.01,386.14,7,critical
1340dd09-3271-4a91-8b0d-9302a8db0507,1,1,0,suburban,young_professional,employed,3022,stable,358,8231.7,119.52,453.3,459.08,True,emergency_fund,6.77,25.81,3.95,15.0,780.1,96,none
0bcc870d-1e60-4fe4-a55f-9a2e45dd52eb,1,1,0,urban,young_professional,employed,3851,stable,531,126574.63,4175.74,1807.64,287.84,False,emergency_fund,0.0,-94.52,108.43,46.94,-3639.84,0,critical
6fe4d3d2-a64d-469c-87f9-eb1e0de8abd1,4,2,2,rural,young_family,employed,9940,stable,643,311788.88,5473.98,3602.99,1300.95,True,home,0.0,-36.61,55.07,36.25,-3639.42,0,critical
571cb0e8-5174-4620-b9fa-4c103f723e04,2,2,0,urban,retiree,retired,5845,stable,396,22046.83,284.96,2922.5,1116.53,True,other,0.0,-9.54,4.88,50.0,-557.71,23,high
e01d9eb7-789c-4eb8-a0ab-44b4a2c9a6b6,4,2,2,suburban,young_family,employed,6253,seasonal,488,72559.96,1407.11,937.95,396.05,True,home,1.38,9.11,22.5,15.0,569.58,45,medium
c4cb7139-2526-437c-8199-aa3525779710,1,1,0,urban,young_professional,employed,4452,stable,355,2766.56,83.25,1289.46,552.61,True,emergency_fund,3.57,14.35,1.87,28.96,638.92,80,none
06cf993a-0234-408e-890c-1d0dba5643be,2,2,0,suburban,empty_nesters,employed,7259,stable,645,14462.24,247.13,1088.85,636.44,True,retirement,17.76,49.35,3.4,15.0,3582.43,96,none
2f79f299-5ecc-4b4a-af52-ccb846f618dc,1,1,0,rural,retiree,retired,3232,seasonal,321,13144.09,631.64,687.37,597.29,False,other,0.0,-9.65,19.54,21.27,-311.81,10,critical
48f8f58a-0bf7-430f-b85f-5e2ef05847eb,2,2,0,urban,empty_nesters,employed,11513,stable,850,400351.15,4592.85,4382.64,613.48,False,retirement,1.15,8.45,39.89,38.07,972.39,28,high
e1a96728-b16e-4c3a-8bb6-da24880d498d,3,2,1,urban,young_family,employed,7652,stable,508,209852.49,4891.77,1915.45,727.62,True,home,0.0,-26.82,63.93,25.03,-2052.22,0,critical
2ee8bdf8-a548-4151-add0-11470d2edf67,5,2,3,urban,established_family,employed,8780,stable,626,299660.86,10659.28,3275.77,1711.6,False,retirement,0.0,-115.91,121.4,37.31,-10176.56,0,critical
46cd6241-6bb8-403f-a02c-97fad3d0aa88,1,1,0,rural,retiree,retired,5826,stable,610,21937.08,364.96,1350.33,951.4,True,other,9.56,35.91,6.26,23.18,2092.32,94,none
21645d96-8581-4994-89e7-38a662780fac,1,1,0,rural,retiree,retired,3471,variable,545,5231.96,252.7,1076.81,525.59,True,other,2.73,14.06,7.28,31.02,488.12,72,low
f5949ba2-3cc8-45c9-817a-28ef8588f542,4,2,2,suburban,established_family,employed,12250,stable,629,13302.38,344.58,3250.97,717.21,False,retirement,6.56,29.41,2.81,26.54,3602.19,97,none
4cee2357-b722-4a01-84b3-5a1ef3720ffa,4,2,2,rural,established_family,employed,10369,stable,781,332958.84,11369.75,2413.18,1114.26,True,retirement,0.0,-69.31,109.65,23.27,-7186.63,0,critical
4200e774-21d3-4ee4-b735-204bc11e255c,2,2,0,urban,empty_nesters,employed,10478,stable,630,201943.03,8627.3,2764.26,1510.71,True,retirement,0.0,-23.06,82.34,26.38,-2416.6,0,critical
085594ee-e3c6-4c61-bad8-c243506e9b5a,2,2,0,suburban,empty_nesters,employed,8953,stable,696,307943.77,3597.28,1430.6,1519.16,True,retirement,3.49,20.41,40.18,15.98,1827.15,55,medium
a4c67c84-1ca2-4fc1-88dc-25bfaa910013,2,2,0,urban,empty_nesters,employed,12949,stable,604,191800.25,7862.9,3083.31,1911.94,True,retirement,0.0,-11.21,60.72,23.81,-1452.0,0,critical
b1fe6d91-a18c-4a35-b15c-1930c9ed6395,2,2,0,suburban,empty_nesters,employed,7740,stable,635,255573.34,5180.42,1727.01,624.19,True,retirement,0.0,-26.13,66.93,22.31,-2022.32,0,critical
e1feb66a-4780-4a06-b9ba-f96425c7ee7b,6,2,4,urban,established_family,employed,14490,stable,817,449824.98,14322.57,2261.98,1374.6,True,retirement,0.0,-44.94,98.84,15.61,-6511.7,0,critical
f3f681bf-6381-4b99-8ffd-1d6836442e44,4,2,2,suburban,young_family,employed,5849,stable,482,208058.69,7379.19,1931.22,706.96,True,home,0.0,-141.79,126.16,33.02,-8293.18,0,critical
7772e33a-1d6b-458d-bc6f-73f18e185433,6,2,4,urban,established_family,employed,10686,seasonal,607,19388.17,928.65,3803.71,1401.84,True,retirement,0.0,-4.22,8.69,35.6,-450.42,29,high
0afdcb89-1062-4847-b484-7169a12f6275,3,2,1,rural,young_family,employed,5476,stable,492,103924.84,3519.35,1731.33,525.42,False,home,0.0,-47.06,64.27,31.62,-2577.22,0,critical
cdc616d0-35e5-4497-bd94-f0997c6c8e55,6,2,4,suburban,established_family,employed,9355,stable,589,136954.61,1818.43,3340.23,1117.87,True,retirement,0.0,-20.56,19.44,35.71,-1923.56,9,critical
2f82c2c2-b1c2-42f8-83be-2476cb2c2fb0,4,2,2,urban,young_family,employed,7769,seasonal,711,24938.64,658.09,2392.29,1305.08,True,home,3.68,21.6,8.47,30.79,1677.89,85,none
9b6cb948-5121-41b6-a68a-51a87de57e02,1,1,0,suburban,young_professional,employed,5720,stable,658,193487.5,2662.97,2471.0,645.01,False,emergency_fund,0.0,-21.76,46.56,43.2,-1244.83,0,critical
a2857082-5c51-4ee0-af5b-bba3814a1cb9,3,2,1,rural,young_family,employed,6750,seasonal,604,107725.46,1276.16,2165.71,733.67,False,home,0.0,-8.42,18.91,32.08,-568.35,12,critical
5c21cbd5-3360-43e1-a87d-e3d048f99918,1,1,0,urban,young_professional,employed,4234,stable,483,107090.57,2801.23,1476.78,705.86,True,emergency_fund,0.0,-34.37,66.16,34.88,-1455.35,0,critical
5bb1e445-921f-49ea-aabd-9378c8c0178f,1,1,0,urban,young_professional,employed,3242,stable,481,70302.1,3061.92,731.19,170.46,True,emergency_fund,0.0,-50.08,94.45,22.55,-1623.69,0,critical
196295f6-1c81-462e-8f0e-c1e05b4490ce,4,2,2,suburban,established_family,employed,9767,variable,708,67185.98,1739.48,3810.53,1203.16,True,retirement,0.03,0.18,17.81,39.01,17.54,29,high
74ba9cab-644f-4c00-8c51-9d4fccad44be,3,2,1,suburban,young_family,employed,5194,variable,438,106963.12,2147.99,1421.7,573.43,True,home,0.0,-25.75,41.36,27.37,-1337.43,0,critical
d3ac3924-cf16-4e07-97d6-27a2eb8b0508,1,1,0,rural,retiree,retired,2695,stable,335,11393.88,122.59,1106.86,504.33,True,other,0.0,-3.07,4.55,41.07,-82.66,35,high
f46d7591-8fb3-4f26-91a2-48565cf98d67,3,2,1,urban,young_family,employed,7303,variable,555,196022.59,5568.65,3278.01,578.55,True,home,0.0,-75.94,76.25,44.89,-5545.58,0,critical
1e70d4fc-1a76-44e3-b8e4-64c083c7b28c,4,2,2,urban,young_family,employed,5299,stable,379,55698.9,955.42,2316.93,338.43,True,home,0.0,-49.37,18.03,43.72,-2615.97,10,critical
14a57ef8-4ec6-4698-861b-ec20d37bc8c2,6,2,4,suburban,established_family,employed,14176,stable,850,494097.28,15645.66,5133.08,2121.37,False,retirement,0.0,-81.28,110.37,36.21,-11522.5,0,critical
8a5b85a2-ff88-4d41-a67c-8c0fbff39b39,2,2,0,suburban,empty_nesters,employed,8312,stable,640,106453.12,1849.47,2224.54,1614.6,True,retirement,2.79,14.75,22.25,26.76,1225.85,60,low
ea0869fd-fe64-401b-ba0f-0ee40f6e762d,1,1,0,rural,young_professional,employed,5101,stable,403,114118.5,2022.07,765.15,761.68,True,emergency_fund,0.0,-10.65,39.64,15.0,-543.23,0,critical
d74d6084-01a4-4cab-8605-e5c0fccd31a3,2,2,0,urban,empty_nesters,employed,12061,stable,678,381676.97,3906.54,5015.49,2327.19,True,retirement,1.14,7.89,32.39,41.58,952.07,33,high
31a800fd-ba2c-4857-8dea-e0e217242be1,3,2,1,rural,young_family,employed,7206,variable,628,246194.33,5902.62,1268.56,1095.86,True,home,0.0,-37.93,81.91,17.6,-2733.47,0,critical
53485426-ca1c-44ff-9a54-e7ee90b08b65,1,1,0,rural,retiree,retired,5353,stable,501,30074.14,1074.3,1655.34,597.62,True,other,2.14,11.24,20.07,30.92,601.63,54,medium
5c3b0ad7-3fcb-4d28-bdce-9a0b83ebd114,3,2,1,suburban,young_family,employed,8455,stable,549,110399.64,5231.9,1735.3,1450.64,False,home,0.0,-35.76,61.88,20.52,-3023.77,0,critical
24ee5c64-bc68-4f34-b9ac-f2987221c099,5,2,3,urban,established_family,employed,14774,stable,635,390090.63,11107.7,5176.56,1100.48,True,retirement,0.0,-38.67,75.18,35.04,-5713.24,0,critical
6a3e5c37-eebb-4f07-89fd-0465f65a307a,4,2,2,urban,young_family,employed,6350,stable,681,84544.17,3225.02,971.35,1080.53,True,home,0.0,-11.68,50.79,15.3,-741.77,0,critical
9d81ec37-022d-42de-82a7-92b8deb1e0c0,6,2,4,urban,established_family,employed,14191,stable,812,210925.23,2493.97,3211.74,2489.85,True,retirement,4.08,22.77,17.57,22.63,3231.17,78,low
9d6960ab-82a7-47ba-a25a-42824c59b287,4,2,2,urban,young_family,employed,8269,stable,603,121590.35,5081.12,3547.39,1596.37,True,home,0.0,-50.42,61.45,42.9,-4169.21,0,critical
22f1e655-7b64-48a5-b191-0b841e994489,2,2,0,rural,retiree,retired,2566,variable,378,398.84,9.43,762.76,461.08,True,other,2.79,16.48,0.37,29.73,422.89,83,none
46b4c79f-4861-4fdd-b3eb-65cf73f31662,5,2,3,rural,established_family,employed,14765,stable,675,472302.06,6877.28,5838.76,2087.9,True,retirement,0.0,-25.05,46.58,39.54,-3698.54,0,critical
40607929-66e5-4efd-81f7-50088e02e2a4,1,1,0,suburban,young_professional,employed,3655,stable,503,17630.99,556.46,1551.56,688.01,True,emergency_fund,1.64,11.05,15.22,42.45,403.88,56,medium
07975e80-d926-4e85-ba88-8ad152bf0893,6,2,4,rural,established_family,employed,12744,stable,782,386352.73,5722.55,1911.6,1921.12,True,retirement,0.14,1.1,44.9,15.0,139.82,7,critical
40dd9f05-c664-4da8-8b4a-85fb70b00dc5,4,2,2,rural,young_family,employed,8828,stable,585,148010.2,5330.26,2559.66,1061.92,True,home,0.0,-43.68,60.38,28.99,-3856.1,0,critical
eac3f826-7d07-44be-b4b1-2a22609827f8,1,1,0,urban,young_professional,employed,6193,variable,567,176208.66,8387.68,2181.7,1072.78,True,emergency_fund,0.0,-95.78,135.44,35.23,-5931.96,0,critical
b970c337-c2c4-4135-a62f-f87451ef8ee5,1,1,0,suburban,young_professional,employed,3347,stable,511,22764.84,348.15,741.44,485.15,True,emergency_fund,2.97,13.73,10.4,22.15,459.42,69,low
289aac01-4d07-46b4-81d3-4680672e30c5,4,2,2,urban,established_family,employed,10548,stable,694,35151.51,1358.01,1582.2,1041.76,True,retirement,8.81,38.27,12.87,15.0,4036.47,88,none
ee7f655a-89e0-467b-8f4c-1b2aa2a75afe,1,1,0,urban,young_professional,employed,3954,stable,389,20917.04,700.0,1701.03,621.95,True,emergency_fund,0.0,-11.25,17.7,43.02,-444.86,11,critical
bf696e86-4683-4dae-8f02-754ba936b0bb,6,2,4,urban,established_family,employed,9471,stable,648,121114.11,3727.3,3553.21,654.79,True,retirement,0.0,-27.96,39.35,37.52,-2648.1,0,critical
8a854594-2cd4-4dd5-9e5a-fadb76b57d53,1,1,0,suburban,young_professional,employed,5116,stable,610,115342.37,1597.55,1950.0,995.13,False,emergency_fund,0.63,4.58,31.23,38.12,234.14,27,high
26054737-f8c1-46db-b7bb-25e611bf9e9b,4,2,2,suburban,young_family,employed,8098,stable,619,105967.37,3004.96,2696.73,459.58,True,home,0.0,-14.06,37.11,33.3,-1138.43,0,critical
d2fb6909-d214-4748-a490-9e5e1613743e,6,2,4,urban,established_family,employed,12829,seasonal,764,303761.63,13737.25,4016.82,1401.34,True,retirement,0.0,-73.09,107.08,31.31,-9376.35,0,critical
84c650d9-aae7-4b0c-91e9-dc3d0c4cf0a1,6,2,4,rural,established_family,employed,12514,stable,725,338525.35,12682.61,2816.85,753.68,True,retirement,0.0,-67.46,101.35,22.51,-8441.92,0,critical
8b3a31be-a7b9-4c47-a3b1-4f15c8460dd0,1,1,0,urban,young_professional,employed,3827,stable,432,33427.75,691.05,1446.74,302.91,True,emergency_fund,1.95,12.04,18.06,37.8,460.66,56,medium
58b22b22-8052-4b50-b690-612feface977,4,2,2,suburban,young_family,employed,9359,variable,713,263497.62,5494.84,1478.61,1415.58,True,home,0.0,-7.08,58.71,15.8,-662.22,0,critical
9f3c07d4-8c3d-41cf-a371-1df7ada46157,2,2,0,urban,empty_nesters,employed,11905,stable,749,297055.84,14012.05,2761.45,1367.32,True,retirement,0.0,-57.87,117.7,23.2,-6889.9,0,critical
0242f827-ab2f-4bea-ac44-72532d43ffbc,1,1,0,urban,young_professional,employed,4268,variable,499,2263.99,102.37,1762.1,564.93,True,emergency_fund,3.0,14.52,2.4,41.29,619.87,78,low
c9621b85-0ccd-4313-b21d-b225bef03365,1,1,0,urban,young_professional,employed,5234,seasonal,440,154129.21,2493.85,1613.91,715.66,True,emergency_fund,0.0,-26.65,47.65,30.84,-1394.84,0,critical
ece1df33-404e-45bc-adaf-8b732ce05ea6,3,2,1,urban,young_family,employed,5717,stable,638,64062.44,2652.92,2127.42,749.66,True,home,0.0,-32.05,46.4,37.21,-1832.17,0,critical
7f2b08b9-e995-4427-a3fe-80b5b0d73703,3,2,1,rural,young_family,employed,6290,stable,438,140789.11,2360.98,2712.64,359.76,True,home,0.0,-29.33,37.54,43.13,-1845.03,0,critical
fb096090-4b13-4777-85f4-b5f236057a88,3,2,1,urban,young_family,employed,6618,stable,549,42030.66,1101.21,1420.78,838.06,True,home,3.13,16.71,16.64,21.47,1105.76,70,low
de4a53a2-97fa-490a-8290-faa811e58e6f,3,2,1,urban,young_family,employed,8127,variable,608,227109.19,9727.73,1798.38,965.88,True,home,0.0,-75.34,119.7,22.13,-6122.98,0,critical
106271b3-6af7-4ddf-b51e-7bdf1e91b599,1,1,0,rural,young_professional,employed,4892,stable,497,102032.38,3314.48,1087.36,330.45,False,emergency_fund,0.0,-40.51,67.75,22.23,-1981.77,0,critical
9c208b04-596c-446d-8479-c2200641669e,6,2,4,urban,established_family,employed,13438,variable,850,85810.72,2608.77,2015.7,1202.6,True,retirement,6.24,33.03,19.41,15.0,4438.02,82,none
e1fb78b3-dadd-4c07-8bc3-d974aff6fe5d,3,2,1,urban,young_family,employed,6461,stable,661,3625.16,181.13,3078.7,1051.28,True,home,1.96,12.66,2.8,47.65,818.17,71,low
d32e2193-1ec2-4662-b46b-31c03ecb7c5b,4,2,2,rural,young_family,employed,7914,stable,552,156218.43,7760.48,3513.01,1286.51,False,home,0.0,-87.99,98.06,44.39,-6963.59,0,critical
1b4246f3-fdec-4009-9b67-e80aab823163,5,2,3,suburban,established_family,employed,8723,seasonal,653,253789.11,8994.11,4114.67,1717.13,True,retirement,0.0,-103.6,103.11,47.17,-9036.86,0,critical
4563f93f-6150-4ac8-8ca0-6afdc513373f,2,2,0,rural,empty_nesters,employed,8771,stable,542,6345.59,64.68,1414.37,1687.67,True,retirement,16.89,41.99,0.74,16.13,3682.84,99,none
5a70b85e-2061-4706-8e20-ff1753fd2cb0,4,2,2,urban,young_family,employed,9819,stable,657,13712.9,661.16,4516.81,984.13,True,home,0.49,3.18,6.73,46.0,312.21,46,medium
299d3f20-2f42-491a-bc8f-615758832508,1,1,0,urban,young_professional,employed,5530,variable,324,21791.27,501.81,829.5,815.81,True,emergency_fund,7.69,23.3,9.07,15.0,1288.6,91,none
184f2d4a-1aab-4303-abd8-57ae4d2fcc0b,2,2,0,urban,empty_nesters,employed,9113,variable,671,200079.9,8296.81,3916.72,1729.66,True,retirement,0.0,-53.51,91.04,42.98,-4876.08,0,critical
321da85e-84d5-4da5-ad53-ce304e4182d0,4,2,2,urban,young_family,employed,7942,stable,577,51725.39,2063.24,2879.96,621.07,False,home,0.0,-11.11,25.98,36.26,-882.38,3,critical
2a80798e-0464-4d6c-a7a9-8bd789ddcdbf,1,1,0,urban,young_professional,employed,6798,stable,651,25175.55,922.55,1088.82,664.04,False,emergency_fund,13.83,47.17,13.57,16.02,3206.75,87,none
945a261f-91e5-46d4-a7a1-6bcb119dcdb3,1,1,0,suburban,young_professional,employed,6666,stable,519,155581.85,6962.15,2126.34,609.72,True,emergency_fund,0.0,-59.33,104.44,31.9,-3954.8,0,critical
49166712-b693-4c94-bae4-cf6785ad1413,1,1,0,urban,young_professional,employed,3588,variable,419,73432.74,1019.38,538.2,604.99,True,emergency_fund,4.42,23.7,28.41,15.0,850.52,69,low
ed241bfc-cb27-4547-bed2-694b304b6bc0,3,2,1,urban,young_family,employed,7034,stable,584,43226.24,2032.28,2108.92,1118.0,True,home,0.0,-0.5,28.89,29.98,-35.32,18,critical
a508d4fb-6ccd-4355-9ff4-29faed7e8fbf,1,1,0,suburban,young_professional,employed,3908,stable,464,2668.25,112.5,774.13,582.45,True,emergency_fund,5.15,20.22,2.88,19.81,790.18,94,none
bc0886c4-975d-41b2-8768-283f26bf8d62,3,2,1,urban,young_family,employed,8615,stable,546,15094.31,282.11,2717.15,841.08,True,home,4.67,21.15,3.27,31.54,1821.9,92,none
75bc2c7c-42e3-4ee0-be83-1d34a994d7a3,3,2,1,urban,young_family,employed,5178,stable,430,164374.2,3572.52,1191.41,978.05,False,home,0.0,-62.0,68.99,23.01,-3210.36,0,critical
64a37af3-edd7-4dcd-b5ca-ec2bc9c96629,3,2,1,urban,young_family,employed,8084,stable,445,220440.65,8064.86,1734.55,723.7,True,home,0.0,-57.73,99.76,21.46,-4667.2,0,critical
e9522849-dceb-4ee5-951e-ae7141f00725,2,2,0,rural,retiree,retired,3343,stable,456,9839.09,250.44,979.82,477.73,True,other,0.0,-1.78,7.49,29.31,-59.48,35,high
57caeaf2-31f4-43cb-bb1b-38d51c1c6cae,3,2,1,suburban,young_family,employed,8334,stable,650,228803.01,6035.54,2261.26,1315.4,True,home,0.0,-44.61,72.42,27.13,-3717.66,0,critical
59db6c10-3e66-42c6-8b3e-7e72872644ae,1,1,0,urban,young_professional,employed,3447,stable,434,58273.44,2909.02,1271.37,632.61,True,emergency_fund,0.0,-57.95,84.39,36.88,-1997.7,0,critical
a08a391c-f366-45e5-8202-f3cb3c80d5b5,6,2,4,urban,established_family,employed,10042,stable,728,304749.6,6827.04,3154.0,1198.29,True,retirement,0.0,-56.41,67.98,31.41,-5664.83,0,critical
a0aeab0e-f197-4a57-ab09-eb8c181461c3,6,2,4,rural,established_family,employed,9030,variable,713,309996.84,14837.5,2105.46,1088.22,True,retirement,0.0,-142.37,164.31,23.32,-12856.05,0,critical
fb61d3d8-801f-40dc-83d1-ea1858d92944,4,2,2,urban,established_family,employed,14143,seasonal,743,495610.56,24275.04,2564.23,2795.54,True,retirement,0.0,-117.28,171.64,18.13,-16587.52,0,critical
d856386d-4a64-4cd0-837d-2552a184a667,3,2,1,urban,young_family,employed,9109,stable,726,178143.4,7143.04,2985.55,1187.15,True,home,0.0,-33.48,78.42,32.78,-3049.86,0,critical
c845d8a9-2969-499f-b7bd-0825e602bac7,1,1,0,urban,young_professional,employed,3085,stable,322,48135.28,2321.81,762.36,269.56,True,emergency_fund,0.0,-67.21,75.26,24.71,-2073.45,0,critical
c4b534f8-22b2-4f68-9287-72b17cf65ec6,4,2,2,suburban,established_family,employed,8141,variable,568,42606.07,595.71,1221.15,1170.76,True,retirement,6.76,31.04,7.32,15.0,2527.35,93,none
24be95f9-7cfd-4123-8166-ea39ce71c04a,2,2,0,urban,empty_nesters,employed,7744,stable,647,39298.95,629.46,2451.12,581.96,True,retirement,8.74,37.76,8.13,31.65,2924.4,92,none
6ff25fed-2ace-48a5-89ec-7847d1c32c59,4,2,2,suburban,young_family,employed,6176,stable,586,184677.0,7798.1,1831.36,691.65,True,home,0.0,-120.9,126.26,29.65,-7466.69,0,critical
16c8c114-5ed2-4602-a8b9-37a3e5ec26b0,1,1,0,urban,young_professional,employed,3139,variable,419,46445.45,1040.97,1180.05,454.11,True,emergency_fund,0.0,-9.28,33.16,37.59,-291.17,0,critical
1870ce04-0f0a-44c0-9ced-cfa12d92b047,2,2,0,suburban,empty_nesters,employed,10348,stable,736,321464.57,5422.79,3485.81,1580.24,True,retirement,0.0,-5.3,52.4,33.69,-548.93,0,critical
3ee27383-9a3b-4cd6-b358-d187102954c0,3,2,1,suburban,young_family,employed,7085,variable,460,124667.1,1611.39,2022.57,879.55,False,home,0.0,-1.32,22.74,28.55,-93.54,22,high
20dfea34-b039-4dc0-81e8-9b4bf5a1c748,3,2,1,suburban,young_family,employed,7054,seasonal,555,220316.7,9675.69,1790.56,1075.98,True,home,0.0,-110.91,137.17,25.38,-7823.6,0,critical
b6de5881-291a-4443-82ac-298b8ad04761,4,2,2,suburban,young_family,employed,8507,variable,639,171541.2,5672.71,1387.49,1069.73,True,home,0.0,-26.69,66.68,16.31,-2270.67,0,critical
4fbeb835-146d-4f9d-b184-b4cddf798025,4,2,2,rural,young_family,employed,5647,seasonal,622,202602.72,6852.22,2095.46,961.67,True,home,0.0,-121.36,121.34,37.11,-6853.3,0,critical
81d1fe20-0cb2-4724-a78d-c3536df914a4,1,1,0,rural,retiree,retired,3311,stable,467,1962.58,48.29,666.03,367.86,True,other,4.98,19.08,1.46,20.12,631.62,93,none
f07179d7-d194-4a05-8183-2541e2ad2e40,6,2,4,rural,established_family,employed,8106,seasonal,523,43855.3,1352.76,3939.05,1366.35,True,retirement,0.0,-31.82,16.69,48.59,-2579.6,12,critical
e514119c-ecbb-43bd-993c-d5f376a79229,3,2,1,suburban,young_family,employed,7628,stable,634,138692.89,5619.31,3154.17,548.42,False,home,0.0,-58.27,73.67,41.35,-4444.74,0,critical
c50f3e62-b198-44e5-ac96-a59528bfc253,1,1,0,urban,retiree,retired,3943,stable,442,18548.81,532.82,1957.67,625.76,False,other,0.0,-4.42,13.51,49.65,-174.4,25,high
a2c92dcc-93ae-4974-8212-5878191a19fa,3,2,1,rural,young_family,employed,5965,variable,532,69514.04,1969.31,1398.63,455.41,True,home,0.64,4.69,33.01,23.45,279.51,25,high
13876ed8-4ce9-4535-b3c3-94e25d5f29e5,3,2,1,rural,young_family,employed,8555,variable,645,292255.61,4083.74,3020.65,1589.84,False,home,0.0,-21.17,47.74,35.31,-1811.44,0,critical
73102d02-1e7f-429e-8969-e1e527162142,2,2,0,urban,empty_nesters,employed,9445,stable,675,243469.97,4890.0,2524.79,1251.3,True,retirement,0.15,1.09,51.77,26.73,102.77,2,critical
4f41be3c-74d5-40e1-a98b-69de193036a6,5,2,3,urban,established_family,employed,10366,stable,664,16289.87,276.73,3335.84,1229.74,False,retirement,2.5,14.87,2.67,32.18,1541.62,77,low
3cd5ceae-0898-47db-b6ce-574599d75e58,3,2,1,urban,young_family,employed,6284,stable,440,52818.94,2584.51,1109.99,363.96,True,home,0.0,-6.44,41.13,17.66,-404.69,0,critical
2c84a7f8-dfaa-4089-b5b9-cd33f931ec94,3,2,1,urban,young_family,employed,8821,stable,650,46255.64,1762.54,2900.06,447.01,True,home,2.31,13.83,19.98,32.88,1219.66,59,medium
f54221e2-66c0-44f0-bf56-8efe1b52cb88,2,2,0,urban,retiree,retired,5605,stable,567,8207.14,263.37,1142.92,1024.64,True,other,8.19,31.17,4.7,20.39,1747.29,95,none
9d581005-0b73-4862-8ce7-a8313d9a4d4e,6,2,4,urban,established_family,employed,12224,stable,850,89559.95,3366.82,2170.94,1603.97,True,retirement,2.6,16.72,27.54,17.76,2043.74,58,medium
bc6a4a07-afaa-4343-a677-d1265a0a5947,1,1,0,urban,young_professional,employed,3942,stable,383,26474.7,409.48,1565.64,565.86,True,emergency_fund,0.0,-5.6,10.39,39.72,-220.65,25,high
1f43889c-5261-4a5a-9808-4695d9a8608e,2,2,0,urban,empty_nesters,employed,12324,variable,828,121091.67,4275.46,1848.6,1086.46,True,retirement,8.3,39.34,34.69,15.0,4847.77,68,low
08c5048f-cfd7-4252-ba1c-f593f54412c4,5,2,3,urban,established_family,employed,12297,variable,704,330577.28,12419.94,3395.93,1026.83,True,retirement,0.0,-71.14,101.0,27.62,-8748.06,0,critical
66cbc5a6-473b-4110-8ec4-48d9c01f4a8d,2,2,0,rural,empty_nesters,employed,9250,variable,748,214118.0,5041.79,3607.5,507.04,False,retirement,0.0,-14.77,54.51,39.0,-1365.98,0,critical
71c1e3fb-a017-4393-8d07-f1d44e5e18e8,1,1,0,suburban,young_professional,employed,6978,stable,506,138708.44,4403.32,2400.19,725.06,True,emergency_fund,0.0,-40.91,63.1,34.4,-2854.72,0,critical
c126347a-8092-4d97-9495-bc8aad4fd23f,1,1,0,urban,young_professional,employed,4004,stable,383,81072.15,2472.5,716.87,769.08,True,emergency_fund,0.0,-17.98,61.75,17.9,-719.75,0,critical
031a21df-533d-45c3-a5cc-9d2e1458f0ae,2,2,0,urban,empty_nesters,employed,7986,stable,640,101637.14,4257.33,2235.91,1188.95,True,retirement,0.0,-1.44,53.31,28.0,-115.21,0,critical
bd4a31de-f7d1-4dbf-951a-aa3ce441264c,2,2,0,suburban,retiree,retired,5055,seasonal,410,5503.8,195.0,1488.86,710.75,True,other,7.77,34.56,3.86,29.45,1747.1,96,none
f8ad2b48-2a74-4205-b339-9cff7da84f09,2,2,0,rural,empty_nesters,employed,8182,seasonal,647,146948.36,2925.31,3430.74,1476.95,True,retirement,0.0,-10.58,35.75,41.93,-865.47,0,critical
059f39ae-9378-40f8-bcc0-793a05f76b17,5,2,3,urban,established_family,employed,13745,stable,850,421954.5,21053.17,5717.72,857.03,True,retirement,0.0,-124.61,153.17,41.6,-17127.05,0,critical
e1d77d9b-aa5f-4fe5-a272-14b6c6b4d07d,3,2,1,suburban,young_family,employed,9240,stable,682,125437.24,6255.28,3698.56,500.58,True,home,0.0,-41.55,67.7,40.03,-3838.83,0,critical
cf7a14b9-c6ad-4bfd-b1b0-d7ed41bb0a92,1,1,0,urban,young_professional,employed,5544,stable,569,132587.0,2872.65,1900.83,479.51,True,emergency_fund,0.0,-26.69,51.82,34.29,-1479.61,0,critical
d5753e99-10a1-489a-889e-db3302212041,3,2,1,urban,young_family,employed,8509,stable,577,82395.27,1995.56,1276.35,992.21,True,home,5.76,28.12,23.45,15.0,2392.32,77,low
c3621734-3b9b-44c2-a65d-37c66bf16463,3,2,1,suburban,young_family,employed,7942,stable,603,216482.39,10347.89,2970.89,511.25,True,home,0.0,-112.94,130.29,37.41,-8969.33,0,critical
bb25cf5d-a0dd-4b85-81ad-e87a078c832a,5,2,3,urban,established_family,employed,8586,variable,655,17487.32,586.76,2147.91,1242.09,False,retirement,1.03,6.34,6.83,25.02,544.1,53,medium
704d3c82-47a8-4c4e-91d5-cc21634ea3ef,4,2,2,rural,established_family,employed,14059,stable,772,411185.93,11317.37,4422.95,2714.18,True,retirement,0.0,-41.41,80.5,31.46,-5821.96,0,critical
b9c6bf2e-3ce2-455d-be63-950b5eb21925,6,2,4,urban,established_family,employed,10689,stable,655,235736.31,10534.47,3211.57,563.46,True,retirement,0.0,-75.08,98.55,30.05,-8024.82,0,critical
60f51616-7023-4406-9651-3ffe63b4bbab,2,2,0,urban,empty_nesters,employed,8430,stable,704,109910.51,3613.61,1838.11,629.34,True,retirement,2.02,12.8,42.87,21.8,1078.9,35,high
ff2003b3-73f1-495f-bee5-c9ee500a13ea,1,1,0,rural,young_professional,employed,5154,seasonal,526,152239.14,2840.82,1626.49,955.21,True,emergency_fund,0.0,-12.87,55.12,31.56,-663.51,0,critical
c800552a-3ee5-4cad-9ae7-95552041aab5,3,2,1,urban,young_family,employed,5793,stable,504,134244.88,4091.22,2118.66,867.42,True,home,0.0,-60.6,70.62,36.57,-3510.62,0,critical
5efebb4c-374f-407a-8ce5-6b5d500d7a8c,2,2,0,rural,empty_nesters,employed,10847,stable,684,384992.99,11468.47,4177.76,1545.55,True,retirement,0.0,-66.91,105.73,38.52,-7257.88,0,critical
fd8fcc88-6f49-4125-93f4-12e622c5226a,4,2,2,urban,established_family,employed,8698,stable,606,174578.86,5311.32,2035.89,613.94,True,retirement,0.0,-34.22,61.06,23.41,-2976.81,0,critical
a0e797bb-d85a-4331-8240-0e49f118f13c,4,2,2,urban,young_family,employed,9741,stable,548,41287.84,1481.44,2830.55,1899.0,True,home,0.98,5.63,15.21,29.06,548.52,44,medium
6d867403-fc7a-43b4-a3a1-dc0234855a4c,2,2,0,urban,retiree,retired,2565,variable,423,11142.56,449.43,1011.38,468.04,True,other,0.0,-8.52,17.52,39.43,-218.58,14,critical
17967f4d-98a8-402f-9d6f-99ad85137a8b,2,2,0,urban,retiree,retired,2781,stable,424,5995.03,68.46,647.77,172.81,True,other,1.42,6.92,2.46,23.29,192.52,60,low
b4c39631-5cfe-47a6-a37d-d5ba3460da1a,4,2,2,suburban,young_family,employed,5213,seasonal,400,92241.61,1916.14,1267.72,801.67,True,home,0.0,-23.25,36.76,24.32,-1212.22,0,critical
01d2646f-2c5f-4222-92b6-62b4931f27e8,4,2,2,urban,established_family,employed,12972,stable,850,219025.88,8357.71,2694.89,2325.45,True,retirement,0.0,-9.2,64.43,20.77,-1193.9,0,critical
a9143b1c-b1c1-4fbf-9814-cb9f345e6377,2,2,0,suburban,empty_nesters,employed,12345,stable,669,218328.66,3942.19,5250.5,1179.57,True,retirement,0.93,6.45,31.93,42.53,795.78,30,high
864258db-5de6-46ca-9c88-a7acac372b3c,4,2,2,suburban,established_family,employed,14609,stable,850,14293.0,326.31,6204.19,2484.84,True,retirement,6.4,33.17,2.23,42.47,4846.51,97,none
eab16d30-52c3-407f-8925-cd99752ac2a4,2,2,0,urban,retiree,retired,4738,variable,546,4973.07,135.15,1592.16,845.24,True,other,6.3,30.41,2.85,33.6,1440.6,97,none
f8a6f54c-753f-4b28-91fb-d4b3c3ce5db5,4,2,2,rural,young_family,employed,5840,stable,570,195350.49,7167.13,1813.59,827.48,True,home,0.0,-112.05,122.72,31.05,-6543.5,0,critical
68447aa3-9372-478b-9f05-f94f0a642df0,4,2,2,rural,young_family,employed,7304,variable,416,180070.1,2154.36,3000.92,512.38,True,home,0.0,-42.36,29.5,41.09,-3093.78,0,critical
994a8793-ff40-40e0-a7b9-0237b1755fe4,4,2,2,rural,young_family,employed,8880,stable,633,196652.57,7943.53,3630.42,544.05,True,home,0.0,-74.12,89.45,40.88,-6581.53,0,critical
bb28b564-cbec-419c-8e6f-eaf7db567548,1,1,0,suburban,young_professional,employed,6107,variable,430,135096.58,5864.27,1902.33,311.66,True,emergency_fund,0.0,-56.95,96.03,31.15,-3477.72,0,critical
d1fbef03-4c84-4e35-9f76-4316b556ac64,1,1,0,urban,young_professional,employed,5590,stable,464,22626.5,561.55,838.5,335.74,True,emergency_fund,12.39,38.39,10.05,15.0,2145.96,90,none
8ff043c5-0152-4004-8288-b3419ac72360,4,2,2,urban,young_family,employed,8950,stable,562,128461.28,2381.06,1588.79,968.84,True,home,0.88,5.35,26.6,17.75,478.44,33,high
a8a9495d-eebd-43c2-b218-12cbbfd0d550,3,2,1,urban,young_family,employed,8661,seasonal,513,98851.24,2352.18,1384.54,1685.53,True,home,1.12,5.83,27.16,15.99,504.61,34,high
05702f78-791c-4ee9-89d6-527e805b97d5,1,1,0,urban,young_professional,employed,6169,stable,578,84345.78,2804.02,2098.88,716.92,True,emergency_fund,0.0,-16.28,45.45,34.02,-1004.38,0,critical
dc0de5be-f4b4-4211-b5d5-041911045806,1,1,0,urban,young_professional,employed,3362,stable,534,8719.42,140.28,779.09,632.4,False,emergency_fund,8.23,36.66,4.17,23.17,1232.52,96,none
fdc14ed9-b4ca-4042-ac63-e41c8fab7053,1,1,0,rural,young_professional,employed,6423,seasonal,528,98216.44,2739.98,2566.77,1207.92,False,emergency_fund,0.0,-13.23,42.66,39.96,-849.49,0,critical
8e362f52-12d4-4340-bd54-4364f2ed99d3,5,2,3,rural,established_family,employed,11350,variable,691,44128.3,1621.3,4138.35,945.36,True,retirement,1.72,11.23,14.28,36.46,1274.73,58,medium
5c889f50-b5d5-4249-85d8-873688d1239f,1,1,0,urban,retiree,retired,3759,variable,466,16144.05,391.61,1352.27,352.05,True,other,1.78,9.62,10.42,35.97,361.53,58,medium
7c5bc7bf-a973-483e-bf4a-beee820b47f4,2,2,0,suburban,empty_nesters,employed,9397,stable,737,275820.84,12390.75,1604.48,1765.46,True,retirement,0.0,-69.21,131.86,17.07,-6503.72,0,critical
00232eae-c1e7-46dd-b0aa-f3835900af2b,4,2,2,urban,established_family,employed,12883,seasonal,780,437839.4,16364.47,3225.21,780.51,True,retirement,0.0,-77.62,127.02,25.03,-9999.48,0,critical
24bcb237-7431-45f0-9c12-c9ae31df52ed,2,2,0,urban,retiree,retired,3827,variable,408,23616.99,295.73,841.68,731.63,True,other,1.63,7.58,7.73,21.99,290.08,57,medium
22a8ad7e-704a-46a3-9320-ea53e1986455,2,2,0,urban,retiree,retired,4023,stable,539,22267.96,452.81,1386.02,555.47,True,other,1.98,10.97,11.26,34.45,441.19,61,low
cdb0eaa7-649f-4765-bd23-b80d11f08a0c,5,2,3,rural,established_family,employed,13789,seasonal,656,383077.59,4430.13,2505.43,1370.04,True,retirement,1.59,9.73,32.13,18.17,1341.44,38,high
b1bf70d0-4882-4ed7-b50a-6f66276866f2,2,2,0,urban,empty_nesters,employed,12719,stable,723,109417.69,3493.76,2242.25,2123.06,True,retirement,8.52,37.41,27.47,17.63,4758.56,75,low
c11a01d9-73a9-4cf9-9e01-678d4deedcf9,1,1,0,urban,young_professional,employed,4035,stable,446,13798.22,268.73,639.09,224.09,True,emergency_fund,12.23,43.24,6.66,15.84,1744.79,93,none
e5f05cc6-db1e-4a67-b262-cdf105cd87dc,4,2,2,urban,young_family,employed,5508,seasonal,646,19592.74,558.78,1411.58,1016.79,False,home,0.03,0.25,10.14,25.63,13.65,36,high
f050feff-eaf4-4204-b888-5baa9c871bc3,2,2,0,urban,empty_nesters,employed,11369,stable,747,248476.26,8718.08,1705.35,1694.74,True,retirement,0.0,-15.14,76.68,15.0,-1721.69,0,critical
e002b851-6b2e-4e0f-b432-97fb78a691de,1,1,0,urban,retiree,retired,5345,stable,614,2551.27,44.14,1372.93,791.12,True,other,9.29,31.6,0.83,25.69,1688.88,99,none
1770bfd3-dbf0-4577-8970-eabbf59ca106,2,2,0,rural,empty_nesters,employed,7649,stable,494,59659.38,1553.17,1783.92,1050.11,True,retirement,3.77,18.21,20.31,23.32,1393.26,71,low
731b0001-ec5c-4fc4-8e94-a961644fb7d6,2,2,0,urban,empty_nesters,employed,9800,stable,641,305869.8,7276.17,4382.98,1158.87,True,retirement,0.0,-51.83,74.25,44.72,-5079.26,0,critical
00c919a9-69a1-4007-8767-bbd7ce6ed7c9,3,2,1,rural,young_family,employed,9256,stable,685,176168.41,3127.98,2040.2,1234.19,False,home,0.88,5.86,33.79,22.04,542.04,28,high
0a3e9ab1-8221-4d12-a212-d8ba188f5704,5,2,3,rural,established_family,employed,8166,variable,670,247004.95,7335.75,2481.0,1043.36,False,retirement,0.0,-86.3,89.83,30.38,-7047.5,0,critical
ab5112b8-665c-4a42-abf2-e129d709dde4,4,2,2,rural,young_family,employed,7269,variable,627,136907.46,6460.23,2448.53,783.97,False,home,0.0,-85.63,88.87,33.68,-6224.56,0,critical
dd0f2ba1-e722-4c1e-b032-c0b29914dc86,4,2,2,rural,young_family,employed,6366,stable,797,3963.97,41.58,3005.91,500.73,True,home,0.55,4.13,0.65,47.22,263.01,54,medium
6d7999ed-8797-42a6-8d3d-aab9f9f833d0,4,2,2,rural,young_family,employed,9804,stable,688,349295.81,3802.38,3351.78,725.09,True,home,0.0,-6.02,38.78,34.19,-590.01,0,critical
bcc54e8c-e7a5-4963-a273-9a12188469e8,2,2,0,rural,empty_nesters,employed,7437,stable,636,86787.79,2503.16,1698.79,390.46,True,retirement,1.63,9.54,33.66,22.84,709.43,37,high
929bf345-11c5-4a2e-838d-b1252b5a3bdd,2,2,0,urban,empty_nesters,employed,12385,seasonal,850,112800.07,2568.73,3872.33,1497.83,True,retirement,6.94,34.17,20.74,31.27,4232.19,81,none
78be0e20-d526-4f3f-b677-ccf63de47e3c,6,2,4,urban,established_family,employed,11689,variable,850,310450.16,14463.98,3969.74,1113.64,True,retirement,0.0,-96.24,123.74,33.96,-11249.71,0,critical
e9e71386-fb65-40c9-8221-c1f939b12152,4,2,2,rural,young_family,employed,5432,stable,569,149811.74,6748.5,1344.4,776.47,False,home,0.0,-130.65,124.24,24.75,-7096.78,0,critical
eb7c0dcd-11fc-43fb-9fb1-3c6cb2ac9acd,1,1,0,suburban,young_professional,employed,3980,stable,536,97784.19,4237.89,1190.08,420.34,True,emergency_fund,0.0,-62.11,106.48,29.9,-2472.17,0,critical
1b6bb39c-ea7c-4004-9346-b38907de77b2,1,1,0,rural,young_professional,employed,3763,seasonal,368,86289.59,2830.38,1402.52,428.11,True,emergency_fund,0.0,-81.46,75.22,37.27,-3065.47,0,critical
3fdfad82-d259-468a-96fb-443fae9fa9e1,3,2,1,urban,young_family,employed,8593,variable,553,287832.15,4977.49,2293.37,725.68,True,home,0.0,-22.03,57.92,26.69,-1893.07,0,critical
f5b857df-b3a2-41c1-98e9-84b245de8ab7,3,2,1,urban,young_family,employed,6154,variable,639,52054.72,1525.87,2806.54,388.51,True,home,0.0,-9.09,24.79,45.61,-559.12,6,critical
148e4f2e-d57b-42b5-ad5b-a260b14aa414,1,1,0,rural,young_professional,employed,6918,stable,659,129275.95,2698.31,1951.17,376.64,True,emergency_fund,1.81,12.05,39.0,28.2,833.38,37,high
ca2a6093-390c-4681-aa1a-efd8576eebac,4,2,2,rural,young_family,employed,6752,stable,500,204761.63,8011.39,1968.36,693.75,False,home,0.0,-107.68,118.65,29.15,-7270.54,0,critical
42f41092-ee01-43a8-b182-bce802f97485,4,2,2,urban,young_family,employed,7522,stable,607,55672.25,2713.55,2675.32,1075.72,False,home,0.0,-32.37,36.07,35.57,-2434.73,0,critical
ad8d9b09-7064-48fb-9f67-fc6f705a2d7a,1,1,0,suburban,retiree,retired,4019,stable,420,13246.36,632.81,930.25,285.8,False,other,0.91,4.84,15.75,23.15,194.71,42,medium
9919d6d3-1e49-42e1-9268-81b8e917af6a,3,2,1,rural,young_family,employed,8685,stable,660,160870.99,7754.85,1722.39,1006.6,True,home,0.0,-53.56,89.29,19.83,-4652.0,0,critical
05b75046-b95b-40f2-ab71-3a27de4e93d3,1,1,0,rural,retiree,retired,3744,seasonal,363,24287.85,639.76,1379.13,526.16,False,other,0.15,0.99,17.09,36.84,37.08,32,high
4b81ff94-130d-4faa-a688-d56393231571,2,2,0,suburban,empty_nesters,employed,8930,seasonal,565,97827.91,3064.68,4465.0,726.63,True,retirement,0.0,-17.28,34.32,50.0,-1543.26,0,critical
c1247d78-1bd8-44cd-b000-965bc70c6b6e,2,2,0,rural,retiree,retired,4192,variable,379,27911.31,1268.86,1423.78,832.23,False,other,0.0,-7.0,30.27,33.96,-293.54,5,critical
e990fdf0-3ed8-40b4-b82a-e7ca528ba2fd,4,2,2,suburban,established_family,employed,14831,stable,690,310.9,14.41,5110.45,1146.76,True,retirement,8.59,37.69,0.1,34.46,5589.77,99,none
2c230772-0b46-4009-9349-a4ef2062adcc,1,1,0,suburban,retiree,retired,2836,stable,386,1708.95,68.17,429.67,491.16,True,other,7.35,24.81,2.4,15.15,703.63,97,none
17094da8-4e09-43cc-81e1-29f16c60e99d,2,2,0,urban,retiree,retired,2720,stable,402,15306.22,592.85,408.0,326.56,True,other,0.27,1.76,21.8,15.0,47.8,29,high
b0205023-828d-4a9e-bc67-2f43a5d9f757,3,2,1,rural,young_family,employed,9808,stable,740,11416.24,409.59,2911.32,1531.06,True,home,7.74,33.77,4.18,29.68,3311.71,96,none
da18a0a9-a76f-4127-a5af-2beb051d0ef4,1,1,0,suburban,retiree,retired,5584,stable,459,31254.04,717.63,1811.33,854.51,True,other,1.81,8.67,12.85,32.44,484.4,55,medium
ae743f04-9209-42b6-86bf-2b6a65f2d095,4,2,2,urban,young_family,employed,8589,variable,570,181395.21,3007.48,2719.44,500.16,True,home,0.0,-21.8,35.02,31.66,-1872.52,0,critical
7bb95edc-ba2b-4f00-a31d-05eca5fd1691,4,2,2,suburban,young_family,employed,9810,stable,645,297901.67,7463.73,2706.16,561.9,True,home,0.0,-48.6,76.08,27.59,-4767.55,0,critical
e9683f0b-4558-481d-9402-a1f3143dc5c9,4,2,2,rural,young_family,employed,8521,seasonal,631,76537.62,1214.92,2035.53,808.85,True,home,0.96,5.6,14.26,23.89,477.45,45,medium
6d50b003-6546-40d1-b959-5c9bc849c7ec,1,1,0,urban,retiree,retired,4516,stable,446,23239.12,531.63,1006.84,325.65,True,other,6.84,28.34,11.77,22.29,1279.89,89,none
195330da-eaf1-4e08-bfd9-c22a8ece2728,4,2,2,rural,young_family,employed,6611,variable,519,59189.42,885.51,1463.77,461.68,True,home,0.0,-3.53,13.39,22.14,-233.09,26,high
eefd64a5-5938-4cfe-ac64-6837454457a2,1,1,0,rural,young_professional,employed,4813,stable,494,127722.43,5650.38,1654.03,875.72,True,emergency_fund,0.0,-86.21,117.4,34.37,-4149.16,0,critical
7e5e5ffa-aaea-43cf-af1b-f8bd5b109977,4,2,2,suburban,established_family,employed,14901,stable,796,47874.98,1514.78,3587.3,1776.42,False,retirement,8.97,41.1,10.17,24.07,6124.15,90,none
09cdc69a-9b85-471b-aa8d-ab3fa9cda5da,4,2,2,urban,established_family,employed,10948,stable,699,296355.36,11591.33,3032.84,901.87,True,retirement,0.0,-69.7,105.88,27.7,-7631.12,0,critical
f8be72f6-3fa2-4115-bd84-105a014d2fce,2,2,0,urban,empty_nesters,employed,11430,seasonal,685,52954.9,2315.31,2843.59,2007.86,True,retirement,6.82,30.82,20.26,24.88,3522.45,81,none
a960bc29-4169-4591-a438-38d3e6b67b4c,4,2,2,urban,young_family,employed,7714,stable,539,231989.87,5494.0,3857.0,1278.85,True,home,0.0,-79.23,71.22,50.0,-6111.78,0,critical
dfea3202-eea9-4f8c-95a8-a0d9a9498647,3,2,1,urban,young_family,employed,7861,stable,565,248916.5,4070.0,2353.0,1400.47,True,home,0.0,-27.9,51.77,29.93,-2193.61,0,critical
3cfcbef2-47f9-45da-bcc3-2b8ea76eac85,1,1,0,suburban,retiree,retired,3141,stable,426,22299.99,916.16,1327.61,596.79,True,other,0.0,-28.45,29.17,42.27,-893.74,0,critical
e8171a14-03fd-498f-bb05-95f643d674e6,1,1,0,urban,young_professional,employed,6164,variable,387,95168.29,2552.19,1965.74,684.18,True,emergency_fund,0.0,-23.07,41.4,31.89,-1421.89,0,critical
5bc9ebb2-e17f-4ff3-898c-5909b56e869b,1,1,0,rural,young_professional,employed,4683,stable,492,134254.82,6084.05,724.67,719.39,True,emergency_fund,0.0,-82.66,129.92,15.47,-3871.06,0,critical
18e28017-88fd-49f8-9601-4f8ffd8ea18c,4,2,2,urban,young_family,employed,8349,stable,616,293661.48,3989.8,2476.4,1018.06,True,home,0.0,-24.89,47.79,29.66,-2078.39,0,critical
993113e2-1df4-4c49-81e5-3ea78c152683,4,2,2,urban,young_family,employed,9930,stable,600,217231.82,10247.89,3231.94,1622.92,True,home,0.0,-82.44,103.2,32.55,-8185.91,0,critical
7bcee101-5afe-410e-bb44-9b310898efd3,1,1,0,urban,young_professional,employed,6291,stable,559,97049.2,4585.78,2869.42,447.4,True,emergency_fund,0.0,-37.7,72.89,45.61,-2371.59,0,critical
5d20f381-2dd4-4420-a493-0332b55ea75f,1,1,0,suburban,young_professional,employed,3075,stable,422,20474.15,342.79,1147.69,601.31,True,emergency_fund,0.0,-12.54,11.15,37.32,-385.56,17,critical
7a76860e-2d23-4add-a9da-8ef1a4b729ad,2,2,0,rural,empty_nesters,employed,10028,stable,612,76192.07,2348.78,1560.88,1447.84,True,retirement,9.56,39.2,23.42,15.57,3931.4,78,low
a9b673c5-cc45-48e6-b996-23beebe7154a,2,2,0,urban,empty_nesters,employed,9520,variable,511,205074.57,4715.81,2861.62,1606.62,True,retirement,0.0,-20.13,49.54,30.06,-1916.2,0,critical
273803be-10fa-429d-9a29-e20f43091398,5,2,3,urban,established_family,employed,12377,stable,834,2050.79,53.78,5150.59,2070.12,True,retirement,4.72,26.55,0.43,41.61,3286.61,95,none
3cb817b0-6604-4e60-8113-d83176ec9eeb,2,2,0,urban,empty_nesters,employed,9637,stable,527,126405.55,6126.82,3369.82,1130.64,True,retirement,0.0,-29.7,63.58,34.97,-2862.62,0,critical
d6e30c0b-c718-4fe5-a3d6-5621d0e314bf,2,2,0,rural,empty_nesters,employed,12786,seasonal,775,97562.77,4792.89,5453.39,1632.88,False,retirement,0.35,2.71,37.49,42.65,346.91,17,critical
560309e2-0257-4351-9ee7-316311d2c66f,1,1,0,urban,young_professional,employed,3471,stable,363,109298.11,5012.15,520.65,585.25,True,emergency_fund,0.0,-98.2,144.4,15.0,-3408.35,0,critical
782cb795-acea-4a86-99a2-e6da4fac33e6,2,2,0,urban,empty_nesters,employed,8194,stable,618,118242.8,1488.87,2946.51,691.57,True,retirement,4.86,26.12,18.17,35.96,2140.47,80,none
7a21227b-c718-4aa9-9b06-7aa2aa09a777,2,2,0,urban,empty_nesters,employed,10341,seasonal,679,212287.26,9994.93,2693.47,797.93,False,retirement,0.0,-49.4,96.65,26.05,-5108.22,0,critical
1c94fb08-36d1-41d9-919d-33ff0820594f,2,2,0,rural,empty_nesters,employed,9737,stable,772,128395.57,4584.4,2009.81,1913.03,True,retirement,1.71,11.05,47.08,20.64,1075.9,27,high
64184137-ccb1-451a-9467-3242aaff60da,2,2,0,urban,empty_nesters,employed,7180,stable,597,14830.61,217.78,1991.78,794.13,True,retirement,10.57,39.95,3.03,27.74,2868.09,97,none
1470f9a8-160e-48fd-8a21-a3bee300fb8f,1,1,0,suburban,young_professional,employed,6709,stable,566,125735.85,3145.85,1659.6,1238.21,True,emergency_fund,0.0,-0.06,46.89,24.74,-4.23,2,critical
bc131700-20df-4f2d-9ed1-ba78e30d8817,4,2,2,urban,young_family,employed,6031,stable,521,183947.45,5850.24,2030.3,783.97,True,home,0.0,-102.87,97.0,33.66,-6203.84,0,critical
6e628d21-0de4-4072-852f-af456a9adf15,1,1,0,rural,young_professional,employed,4241,stable,537,51733.81,2222.43,1691.47,331.38,True,emergency_fund,0.0,-18.76,52.4,39.88,-795.63,0,critical
665da221-a792-4dd8-b7dc-44fe8a707e65,3,2,1,urban,young_family,employed,8045,stable,497,280821.62,7703.94,2779.85,1214.11,True,home,0.0,-74.14,95.76,34.55,-5964.84,0,critical
681a6a9b-5bf0-4227-b27c-8e155fede665,4,2,2,suburban,young_family,employed,5978,stable,357,91029.74,2495.0,1399.68,774.78,True,home,0.0,-20.98,41.74,23.41,-1254.16,0,critical
185955a0-0ce7-48d7-8edf-2ef28af227fc,2,2,0,urban,empty_nesters,employed,7719,stable,613,182242.01,6499.84,2213.91,1273.85,True,retirement,0.0,-37.96,84.21,28.68,-2930.28,0,critical
998671c0-ac2c-4707-9b44-ed3ec5420b05,3,2,1,suburban,young_family,employed,8652,seasonal,694,273576.59,11052.08,2309.67,1724.9,True,home,0.0,-84.79,127.74,26.7,-7336.0,0,critical
2f9f8887-2736-4adb-b8d1-e40f7ed55786,4,2,2,suburban,established_family,employed,14983,seasonal,823,96599.66,2112.06,4492.84,825.0,True,retirement,7.3,36.62,14.1,29.99,5486.28,87,none
da86e79c-1751-48bb-af7c-e96eb2795188,4,2,2,suburban,young_family,employed,9168,stable,667,325290.45,13144.53,3186.98,612.57,True,home,0.0,-119.49,143.37,34.76,-10954.76,0,critical
49022d48-ca6f-4c34-99b4-4d542ba4129d,2,2,0,rural,empty_nesters,employed,9946,variable,637,288401.71,12257.58,2990.59,764.02,True,retirement,0.0,-87.37,123.24,30.07,-8689.57,0,critical
45507bcf-8bdb-4eef-85e0-83ebfaff4df1,5,2,3,urban,established_family,employed,9710,stable,742,210131.78,6122.0,2654.84,1739.55,True,retirement,0.0,-27.67,63.05,27.34,-2686.68,0,critical
635a48d9-9f26-4834-ab67-eabb4a12d527,5,2,3,urban,established_family,employed,8072,stable,566,208016.8,7625.89,1762.13,1544.61,True,retirement,0.0,-72.78,94.47,21.83,-5874.83,0,critical
410fedaa-4705-4de1-9e83-19d84abdfd40,6,2,4,urban,established_family,employed,14122,stable,850,264397.58,8574.33,7061.0,1148.54,True,retirement,0.0,-41.98,60.72,50.0,-5928.43,0,critical
be6826e2-a741-4b05-99ce-7bead965b543,1,1,0,suburban,young_professional,employed,3978,stable,487,19698.9,379.92,933.54,601.17,False,emergency_fund,4.78,23.43,9.55,23.47,931.87,87,none
313fee84-a611-407b-bb73-e6f6e2b40a3e,3,2,1,urban,young_family,employed,5339,stable,480,103747.06,3668.73,800.85,951.07,False,home,0.0,-36.21,68.72,15.0,-1933.08,0,critical
b4598475-42c4-42b8-ad12-086a276e3c66,1,1,0,urban,young_professional,employed,3799,variable,336,63437.01,1206.14,569.85,252.36,False,emergency_fund,1.83,10.77,31.75,15.0,409.28,41,medium
05de3d68-f26f-47ba-a18b-333066fc1328,1,1,0,rural,young_professional,employed,5174,stable,421,77549.32,1382.2,1782.1,370.11,True,emergency_fund,0.0,-5.92,26.71,34.44,-306.35,10,critical
12d7fd1a-02e8-403e-83f7-123c3afa9f39,1,1,0,suburban,young_professional,employed,3413,stable,300,87271.04,3646.19,1385.11,299.02,True,emergency_fund,0.0,-87.37,106.83,40.58,-2981.89,0,critical
00550100-3c6a-4811-a123-21b618cc0dc7,4,2,2,urban,established_family,employed,10877,stable,688,231606.49,4513.15,3201.54,857.04,True,retirement,0.0,-8.36,41.49,29.43,-908.98,0,critical
795d5692-fb5d-4aef-b290-a22594484397,4,2,2,urban,established_family,employed,10503,stable,701,341001.59,4448.95,1974.89,2032.47,True,retirement,0.0,-1.02,42.36,18.8,-107.52,5,critical
aa619340-f988-4cd8-b331-3b0eb54223a2,5,2,3,suburban,established_family,employed,11386,stable,776,51921.77,909.03,3184.65,1975.73,True,retirement,5.39,28.75,7.98,27.97,3273.02,90,none
34824da3-5f56-465f-b392-0aee1697d3b1,4,2,2,rural,established_family,employed,9448,seasonal,654,83105.22,3205.71,2266.67,1339.04,False,retirement,0.0,-8.9,33.93,23.99,-841.0,0,critical
ac0fc628-46f7-42fd-a40c-48917014cda6,1,1,0,urban,young_professional,employed,5552,stable,548,124335.89,1904.21,1209.85,930.4,True,emergency_fund,0.81,4.59,34.3,21.79,254.86,25,high
8656f3eb-6106-41d3-af76-4fec45fc910e,1,1,0,suburban,young_professional,employed,3395,stable,358,17299.38,458.62,543.79,261.64,True,emergency_fund,2.69,12.18,13.51,16.02,413.53,63,low
e955b05b-6543-4064-8a0a-c98ba4b68a40,4,2,2,urban,young_family,employed,7882,stable,667,229892.52,4318.04,3918.03,1076.63,True,home,0.0,-49.1,54.78,49.71,-3870.38,0,critical
db32b245-ba13-4564-bc97-d2cda3e8a9aa,5,2,3,urban,established_family,employed,13766,stable,647,373828.17,11556.03,3275.04,951.67,True,retirement,0.0,-39.21,83.95,23.79,-5397.14,0,critical
a335aec8-02dc-4dd4-b473-57adf86f0e99,4,2,2,rural,established_family,employed,10421,seasonal,806,176779.48,6771.0,2305.25,1841.9,True,retirement,0.0,-14.4,64.97,22.12,-1501.1,0,critical
3db4107d-1a45-4159-b9af-b8f1e6aa0053,2,2,0,suburban,retiree,retired,3835,variable,470,17992.03,508.35,980.37,623.22,True,other,0.46,2.61,13.26,25.56,99.93,39,high
c1aa4830-7de6-46c9-909b-13de5efd2cef,3,2,1,rural,young_family,employed,5733,variable,463,8162.43,236.48,2376.33,537.87,True,home,0.0,-16.33,4.12,41.45,-936.04,23,high
b0b80152-7e66-47a4-87f8-8b071c09e014,1,1,0,rural,young_professional,employed,3139,stable,308,107569.57,4947.92,1191.82,486.97,True,emergency_fund,0.0,-140.76,157.63,37.97,-4418.48,0,critical
5de7565a-f7d8-416d-96fe-7d98df28758b,3,2,1,suburban,young_family,employed,9716,stable,647,63479.12,3173.95,3419.12,1348.88,True,home,0.04,0.28,32.67,35.19,27.46,16,critical
077695ba-cc8e-43c5-a773-0a918caf8fd0,3,2,1,urban,young_family,employed,9228,seasonal,519,170787.96,2004.9,1689.36,548.54,True,home,2.8,13.62,21.73,18.31,1256.94,58,medium
4d0998e6-5c79-43a4-aa5c-168495e4be81,2,2,0,rural,empty_nesters,employed,12005,stable,648,225793.79,7008.53,3611.22,887.1,True,retirement,0.0,-16.82,58.38,30.08,-2019.76,0,critical
d663ecf8-72e5-48d6-9cb4-a4d667b1239d,6,2,4,urban,established_family,employed,10898,stable,692,65995.44,1022.09,3590.8,1770.23,True,retirement,2.19,14.05,9.38,32.95,1531.25,69,low
da778706-e54b-4a6e-aab1-178a433b7f35,4,2,2,suburban,established_family,employed,14170,stable,850,436429.24,10404.17,2799.02,2597.06,True,retirement,0.0,-14.97,73.42,19.75,-2121.08,0,critical
008c62ca-7594-47df-be9e-c00020ab7e8e,1,1,0,urban,young_professional,employed,4463,stable,432,55543.23,2229.24,1141.92,879.22,True,emergency_fund,0.0,-22.66,49.95,25.59,-1011.46,0,critical
42358af4-c129-4fdd-aafa-079f9b239848,4,2,2,rural,established_family,employed,8638,stable,577,209231.58,7704.56,3055.01,1008.7,True,retirement,0.0,-66.97,89.19,35.37,-5784.97,0,critical
c4292cfb-86d9-4476-bd5c-a8e907fd427a,4,2,2,rural,young_family,employed,9010,seasonal,482,288175.1,8297.67,3328.63,838.87,True,home,0.0,-71.24,92.09,36.94,-6418.59,0,critical
bb6d7e03-ff64-4913-9c61-63be02cb1ce9,6,2,4,rural,established_family,employed,9176,stable,610,12185.94,126.2,4193.42,803.72,True,retirement,0.31,2.36,1.38,45.7,216.55,49,medium
f67d599e-5150-44ab-84fb-f41368284023,3,2,1,urban,young_family,employed,8466,stable,476,55720.08,2759.36,3428.49,681.78,True,home,0.0,-13.49,32.59,40.5,-1141.89,0,critical
7db9da84-20b2-47df-b3f2-8888c807778b,4,2,2,urban,young_family,employed,5134,stable,550,66061.63,938.24,1518.15,654.65,True,home,0.0,-22.08,18.28,29.57,-1133.4,10,critical
dbc69dd8-6643-40b6-a44f-1f39f714d37e,1,1,0,urban,retiree,retired,2755,stable,300,14536.11,591.25,1164.27,434.41,True,other,0.0,-39.65,21.46,42.26,-1092.42,7,critical
019f4be2-fb84-444d-8a8d-ec84e93f994c,1,1,0,urban,young_professional,employed,5162,variable,426,10781.55,404.57,2138.4,893.82,True,emergency_fund,0.0,-3.83,7.84,41.43,-197.78,31,high
9a951a44-95b4-4831-9498-bd01c3dbb53a,1,1,0,suburban,young_professional,employed,3844,stable,374,72276.89,2309.4,980.15,516.2,True,emergency_fund,0.0,-34.38,60.08,25.5,-1321.57,0,critical
3c99bc95-9556-41bd-bed2-26f2ada2fb4d,2,2,0,urban,empty_nesters,employed,11842,stable,769,39379.62,1762.34,1776.3,1581.19,True,retirement,15.54,50.06,14.88,15.0,5927.59,86,none
8a83f925-f714-4a90-b22d-171df04cf3a8,1,1,0,urban,young_professional,employed,3910,stable,419,137094.07,4932.57,1247.56,297.35,True,emergency_fund,0.0,-94.93,126.15,31.91,-3711.63,0,critical
745d30f2-6109-41c2-965e-84fdd20c97de,1,1,0,suburban,young_professional,employed,3271,stable,535,94183.24,3979.22,823.88,196.56,False,emergency_fund,0.0,-96.43,121.65,25.19,-3154.26,0,critical
42d9a9b4-934b-4bb9-b87e-2fd6d138ea01,1,1,0,suburban,young_professional,employed,3401,stable,424,101745.26,1418.56,754.93,602.53,True,emergency_fund,0.0,-15.4,41.71,22.2,-523.67,0,critical
ff844fa4-8de7-4d39-80d4-9fa892d6ffa2,2,2,0,urban,empty_nesters,employed,11877,stable,789,225653.57,4528.02,3451.68,2110.11,True,retirement,1.7,10.78,38.12,29.06,1280.52,35,high
5e1fc549-369f-4942-b91f-b5921952f630,1,1,0,urban,young_professional,employed,3482,variable,300,76987.51,3196.53,1158.54,194.89,True,emergency_fund,0.0,-97.67,91.8,33.27,-3400.73,0,critical
682985f6-88a7-41a0-af51-3a2195bc3249,1,1,0,urban,young_professional,employed,5636,stable,630,22819.36,860.06,845.4,412.5,False,emergency_fund,10.61,38.96,15.26,15.0,2195.63,86,none
e75b2534-91df-47ec-8b4d-092f62cbb6e8,2,2,0,urban,empty_nesters,employed,11041,stable,664,137441.26,4619.21,1955.87,1345.79,True,retirement,1.8,10.19,41.84,17.71,1125.44,31,high
991dd9f8-5352-4b57-95f4-f9b560c7cbef,2,2,0,suburban,empty_nesters,employed,8865,stable,515,56752.11,1409.89,2187.82,1695.27,True,retirement,6.07,26.25,15.9,24.68,2327.14,85,none
aacac867-8d40-4907-a1e3-f0023bc0932e,1,1,0,suburban,young_professional,employed,4695,variable,581,155365.59,3472.22,1376.64,897.91,False,emergency_fund,0.0,-40.58,73.96,29.32,-1905.31,0,critical
1a10229c-b2bc-4765-9de7-a3a5584e270d,4,2,2,urban,young_family,employed,7416,stable,528,227112.96,10949.18,1759.58,468.82,True,home,0.0,-125.77,147.64,23.73,-9326.89,0,critical
20d3a0de-1465-4930-8a4f-b22e90d47945,2,2,0,urban,empty_nesters,employed,8212,stable,607,240792.65,2424.27,1231.8,1272.87,True,retirement,5.95,28.97,29.52,15.0,2378.74,73,low
7b60c2e1-657e-425c-9ce0-5defd2cd4e9d,3,2,1,suburban,young_family,employed,6458,stable,525,162412.39,5596.29,1557.19,402.73,True,home,0.0,-65.39,86.66,24.11,-4222.92,0,critical
4cf6bbde-329b-4b1f-94a5-c8bb18159705,4,2,2,urban,young_family,employed,9331,stable,502,185284.0,4317.47,1399.65,1802.7,True,home,0.0,-18.71,46.27,15.0,-1745.49,0,critical
621f2506-9259-4c03-a85b-3723f32db16d,3,2,1,suburban,young_family,employed,9480,stable,812,125851.84,1434.09,2764.26,584.57,False,home,4.23,23.88,15.13,29.16,2263.44,80,none
893c2b24-d1b2-450a-beae-9993a5d1b5a4,1,1,0,suburban,young_professional,employed,6669,stable,660,124159.85,4141.9,3282.29,404.82,True,emergency_fund,0.0,-32.07,62.11,49.22,-2139.02,0,critical
c7dc0d0c-8622-48d1-aa9e-2e9e0e003509,2,2,0,urban,retiree,retired,2583,stable,376,18595.33,295.22,557.81,406.63,True,other,1.88,10.81,11.43,21.6,279.25,60,low
44b7adf0-b85c-44e5-9a79-a41d10b3f555,5,2,3,urban,established_family,employed,13372,stable,816,144294.77,3981.18,2332.37,774.45,True,retirement,3.53,20.88,29.77,17.44,2792.29,65,low
9a04fd36-21b1-4297-b132-50f4e75d83de,1,1,0,suburban,young_professional,employed,4172,seasonal,461,113945.11,3700.45,625.8,286.88,True,emergency_fund,0.0,-40.4,88.7,15.0,-1685.28,0,critical
ab323e3a-8eb2-47e5-bab7-b13508a66f5e,2,2,0,urban,empty_nesters,employed,12391,stable,819,248058.94,8681.22,3612.91,1206.37,True,retirement,0.0,-13.92,70.06,29.16,-1724.7,0,critical
4495431d-56d6-4628-83dc-19f22aa7b79e,3,2,1,urban,young_family,employed,5501,stable,392,139446.97,5323.32,2010.22,971.73,True,home,0.0,-94.62,96.77,36.54,-5205.01,0,critical
371cd6e7-720a-4d3d-b424-5fd470dcb7f7,6,2,4,suburban,established_family,employed,14839,variable,820,338825.66,4071.91,5915.12,818.85,True,retirement,0.0,-2.7,27.44,39.86,-401.36,15,critical
f901051b-4f05-45df-ac6a-d2ac57902fea,1,1,0,urban,retiree,retired,4899,variable,367,13820.96,583.32,837.82,523.77,True,other,6.07,22.79,11.91,17.1,1116.4,89,none
ea33b797-0ab9-49a1-95cb-736e5b312c0e,1,1,0,urban,young_professional,employed,4171,stable,419,21698.0,546.48,2085.5,820.05,True,emergency_fund,0.0,-22.67,13.1,50.0,-945.42,15,critical
77068e2f-a297-44d2-8611-4e5a20d08451,3,2,1,urban,young_family,employed,7428,variable,614,75629.27,2281.33,2417.11,1154.49,False,home,0.0,-6.41,30.71,32.54,-476.03,5,critical
29c37dbd-3c5d-4460-a295-f2cb14c8e398,4,2,2,suburban,established_family,employed,14719,stable,844,225078.67,11150.24,2305.32,2601.53,True,retirement,0.0,-11.18,75.75,15.66,-1645.93,0,critical
ad0f03e2-e522-4534-b7ec-100a92ccb53a,1,1,0,urban,young_professional,employed,4284,stable,547,17190.37,775.87,1358.18,770.4,True,emergency_fund,4.09,23.32,18.11,31.7,998.85,77,low
f6205858-7008-4eaf-ac46-22dfcd2be743,3,2,1,suburban,young_family,employed,9361,variable,690,25586.51,491.81,4080.38,1299.74,True,home,2.88,16.37,5.25,43.59,1532.53,79,low
fbc0ee86-53f4-459e-917b-c88c14427115,1,1,0,suburban,young_professional,employed,3465,variable,396,85111.82,1693.76,1350.27,494.66,True,emergency_fund,0.0,-40.59,48.88,38.97,-1406.36,0,critical
5b48d659-25ab-4028-9e42-afeb0a5993fb,6,2,4,urban,established_family,employed,9557,stable,544,35610.86,1214.94,2423.21,864.93,False,retirement,0.29,2.08,12.71,25.36,198.77,38,high
f6acb969-cd21-42ad-9f9e-ce98ced1d3bf,2,2,0,rural,empty_nesters,employed,8595,stable,713,308578.58,10810.95,2074.06,560.57,True,retirement,0.0,-70.03,125.78,24.13,-6019.48,0,critical
e96bb948-7251-47b1-9405-9fb72e4dc430,1,1,0,rural,young_professional,employed,4705,stable,633,108741.21,4154.81,1108.93,293.71,False,emergency_fund,0.0,-43.02,88.31,23.57,-2024.14,0,critical
2c39a0ea-3143-421c-8aa5-edd8256402f1,3,2,1,rural,young_family,employed,9585,variable,629,299031.45,4482.78,2069.82,1284.31,True,home,0.0,-1.98,46.77,21.59,-189.91,0,critical
9b774bce-ecb1-4ee5-905d-64fe14a9a58b,1,1,0,urban,young_professional,employed,3432,stable,451,4760.11,223.3,660.8,246.15,True,emergency_fund,4.66,18.0,6.51,19.25,617.86,86,none
e18d3433-4df0-4eb3-8cce-8a667309f9a8,4,2,2,rural,young_family,employed,7561,variable,581,96896.41,4364.07,3215.41,984.03,False,home,0.0,-64.39,57.72,42.53,-4868.26,0,critical
f104cca2-f76e-40cb-8bb4-7c03f1753bb4,4,2,2,urban,established_family,employed,9493,seasonal,655,160222.13,4785.13,4023.05,1622.98,True,retirement,0.0,-26.96,50.41,42.38,-2559.44,0,critical
9c728a61-0202-468d-a08b-4610a69e2e75,4,2,2,suburban,young_family,employed,8083,stable,621,63486.44,3014.49,2228.29,770.32,False,home,0.0,-17.15,37.29,27.57,-1385.94,0,critical
89696fb8-9ba9-417f-98c9-ab7a4d0b6fe9,3,2,1,suburban,young_family,employed,5246,stable,326,164270.44,2847.46,1498.51,738.83,True,home,0.0,-55.67,54.28,28.56,-2920.7,0,critical
bab5633f-5f3e-4bd3-a6be-12b87c1fdfa7,1,1,0,urban,young_professional,employed,3720,stable,445,23556.66,1126.38,1527.58,408.5,False,emergency_fund,0.0,-16.84,30.28,41.06,-626.47,0,critical
7067df5a-ab5a-4b2f-9245-749c790592b7,1,1,0,rural,young_professional,employed,6840,variable,638,233676.84,6184.13,2578.51,572.89,True,emergency_fund,0.0,-48.76,90.41,37.7,-3335.23,0,critical
e822ab51-a626-4622-a8ab-0731dd5f8d2f,2,2,0,rural,empty_nesters,employed,7079,variable,611,177566.02,4612.91,3539.5,1110.08,True,retirement,0.0,-41.56,65.16,50.0,-2941.91,0,critical
8b105275-e38c-407c-be97-54538f91b6a6,3,2,1,suburban,young_family,employed,5870,stable,519,1348.07,26.87,1411.24,652.83,True,home,3.49,16.41,0.46,24.04,963.07,85,none
8cf2cbf5-9909-4214-b3a5-dcf28e0f9379,1,1,0,suburban,young_professional,employed,6463,variable,748,123223.21,4824.78,1150.5,1248.29,False,emergency_fund,0.0,-14.26,74.65,17.8,-921.64,0,critical
2323a020-065d-4fea-abbc-32d7200c7d23,4,2,2,suburban,established_family,employed,14446,stable,850,59144.61,2243.66,4065.23,2398.31,True,retirement,6.89,34.61,15.53,28.14,4999.17,85,none
70cde14d-f1b8-4671-a226-47d04fc6b59a,5,2,3,urban,established_family,employed,12684,stable,850,180491.24,8417.48,4155.61,2296.52,True,retirement,0.0,-33.72,66.36,32.76,-4277.41,0,critical
f5785df2-a13a-483d-8fe0-b03e297ff9f8,2,2,0,suburban,empty_nesters,employed,12026,variable,588,356851.13,10147.5,3122.21,1704.62,False,retirement,0.0,-33.22,84.38,25.96,-3994.7,0,critical
d5abc767-0f5f-408a-8533-03f75ffa63f0,3,2,1,urban,young_family,employed,6808,stable,557,126505.94,5108.06,1021.2,581.6,False,home,0.0,-40.51,75.03,15.0,-2757.74,0,critical
02830350-71a7-43b8-87d1-15d38de88bf3,5,2,3,urban,established_family,employed,12039,stable,754,232000.3,4649.69,4660.05,608.18,False,retirement,0.0,-17.19,38.62,38.71,-2069.06,0,critical
9daa9bfa-fb63-41a7-b686-3b29b963d481,4,2,2,urban,young_family,employed,6413,stable,597,100383.45,3405.98,2318.62,627.18,False,home,0.0,-62.73,53.11,36.15,-4022.95,0,critical
d3a084e9-ccd1-4706-b7ac-247ae504f5ca,3,2,1,suburban,young_family,employed,5666,seasonal,465,39871.3,1475.03,2021.28,998.18,True,home,0.0,-6.7,26.03,35.67,-379.4,9,critical
2e7392c6-a454-4031-844a-037bfed59b1a,1,1,0,urban,retiree,retired,3811,variable,395,13865.44,220.77,949.23,648.36,True,other,7.26,31.44,5.79,24.91,1198.33,94,none
bb7c8cfd-2abc-4c5c-9005-13aa94ae3cd0,4,2,2,urban,young_family,employed,9874,seasonal,582,93972.16,3024.56,2730.54,1916.7,True,home,0.06,0.43,30.63,27.65,42.22,18,critical
3007e3c7-412f-4cca-b04d-6b7e5c4b4b28,5,2,3,urban,established_family,employed,9898,seasonal,622,96885.46,2947.56,3770.5,1391.71,True,retirement,0.0,-12.47,29.78,38.09,-1233.81,0,critical
f163ab89-4dc5-4402-a219-4d4e17a1754b,4,2,2,urban,young_family,employed,5409,stable,523,131595.53,5028.47,984.12,429.42,False,home,0.0,-76.8,92.96,18.19,-4154.38,0,critical
ae4dcdaa-ee48-4f9c-bed6-666e9d5d64fe,1,1,0,suburban,young_professional,employed,6826,stable,569,53282.83,1447.88,1801.42,402.34,True,emergency_fund,4.78,24.16,21.21,26.39,1649.0,77,low
578fb269-70f3-42a6-9a99-526fbce51938,1,1,0,urban,retiree,retired,4441,variable,452,31757.16,1072.22,973.67,306.53,True,other,4.94,25.01,24.14,21.92,1110.62,74,low
687476d7-667a-4064-94de-1051538aa63a,2,2,0,suburban,retiree,retired,3112,stable,490,13003.51,358.26,544.49,319.23,True,other,4.23,23.22,11.51,17.5,722.58,84,none
f6bd6b4f-1e25-4d8b-9df1-ffeb10f87677,1,1,0,urban,retiree,retired,3617,stable,392,25241.93,570.47,1086.89,711.45,True,other,1.32,7.59,15.77,30.05,274.7,48,medium
8d8a5eb7-ab2a-4fa7-a482-10dc94e390b4,1,1,0,suburban,young_professional,employed,3005,stable,427,95177.38,4473.71,776.52,397.96,True,emergency_fund,0.0,-112.61,148.88,25.84,-3383.84,0,critical
7f5e3575-116f-470f-aceb-8c868efe6710,3,2,1,urban,young_family,employed,7155,stable,532,222975.05,2923.06,1081.76,952.12,True,home,0.45,3.01,40.85,15.12,215.04,15,critical
7fa90a9f-dba5-4613-915a-e0e3886abca3,1,1,0,suburban,young_professional,employed,3767,stable,401,106869.36,5320.07,1342.56,613.66,True,emergency_fund,0.0,-128.05,141.23,35.64,-4823.64,0,critical
ed0a64c3-4077-4a74-adc6-6a88b93b53b8,1,1,0,suburban,young_professional,employed,5591,stable,521,76804.71,3230.98,1308.31,1024.38,False,emergency_fund,0.0,-12.15,57.79,23.4,-679.03,0,critical
55ce8c66-3281-47e5-98c6-75c8fb6b18cc,1,1,0,urban,young_professional,employed,6309,stable,501,794.72,21.12,1752.55,883.64,False,emergency_fund,10.65,35.08,0.33,27.78,2213.23,99,none
1aee2f34-eac7-4087-818c-7305ee8012eb,1,1,0,rural,young_professional,employed,4604,variable,449,58922.46,1323.75,1340.72,859.63,True,emergency_fund,1.14,7.12,28.75,29.12,327.82,35,high
c13ffdee-1668-4388-bfd4-5fab6eb60be2,5,2,3,urban,established_family,employed,13973,stable,719,180752.66,6344.77,4545.65,953.2,True,retirement,0.0,-13.21,45.41,32.53,-1846.2,0,critical
04552ada-d246-4c01-884b-9bb5a9b37022,1,1,0,urban,young_professional,employed,5038,seasonal,652,120237.69,2774.04,2202.66,504.54,True,emergency_fund,0.0,-32.05,55.06,43.72,-1614.92,0,critical
10aeb645-7d96-4fe2-a299-b6aae0aec3de,6,2,4,urban,established_family,employed,9455,variable,735,89287.62,1011.67,1418.25,729.32,True,retirement,4.73,26.48,10.7,15.0,2503.29,86,none
67734e96-16a3-4003-ac1a-223d93fd70d7,1,1,0,urban,young_professional,employed,4922,variable,503,5132.36,110.82,2165.79,443.84,False,emergency_fund,2.74,13.76,2.25,44.0,677.43,76,low
15521d79-0926-4374-8633-cd003dfc4d89,2,2,0,urban,empty_nesters,employed,11829,variable,818,178528.1,3279.23,2070.27,1532.86,True,retirement,9.17,41.03,27.72,17.5,4852.86,74,low
ac0a76d8-721b-4fa7-b6e6-4c02bd18dcdb,1,1,0,suburban,young_professional,employed,3032,stable,300,75622.26,2332.84,1310.99,297.52,True,emergency_fund,0.0,-65.4,76.94,43.24,-1982.88,0,critical
be11a733-2915-4754-af46-ceadb6b0c4a4,3,2,1,rural,young_family,employed,7294,variable,495,47869.51,1973.52,1926.28,915.28,True,home,0.0,-15.59,27.06,26.41,-1137.22,2,critical
8252ab9a-d1c4-4b6f-8852-4bdd5c057507,6,2,4,urban,established_family,employed,11106,variable,718,294436.35,9498.38,5051.88,714.95,True,retirement,0.0,-83.82,85.52,45.49,-9309.04,0,critical
ed6df828-1c88-4b65-bd7b-c54b9f3adee8,2,2,0,urban,retiree,retired,4034,stable,508,24717.09,255.37,1391.7,340.46,True,other,2.58,13.28,6.33,34.5,535.87,71,low
772d3cba-c1d7-4646-8292-8dedefb56b8b,3,2,1,urban,young_family,employed,8330,stable,592,293454.58,6083.45,3505.58,992.61,True,home,0.0,-57.69,73.03,42.08,-4805.26,0,critical
00636d33-2263-481f-b5a0-2a9ce19a0fdf,2,2,0,urban,empty_nesters,employed,12129,variable,675,277809.29,5311.82,4351.84,2250.91,True,retirement,0.0,-4.46,43.79,35.88,-541.17,0,critical
708b22ee-1be5-4668-9d3f-76026210e371,5,2,3,urban,established_family,employed,13281,seasonal,785,187432.64,6235.32,4019.04,2546.8,True,retirement,0.0,-4.66,46.95,30.26,-618.35,0,critical
f543a5c3-8628-4d3b-93da-25864d736009,3,2,1,urban,young_family,employed,7317,stable,592,44232.64,513.24,3178.03,517.39,True,home,2.14,13.28,7.01,43.43,972.05,69,low
8b40b2cb-8ea3-4d72-a299-00a42dd9ee4c,1,1,0,rural,young_professional,employed,5629,seasonal,403,2601.74,91.04,1633.26,726.71,True,emergency_fund,9.24,34.26,1.62,29.02,1928.22,98,none
8ed72d2e-1e37-4749-b88f-80d2da40bf7d,1,1,0,suburban,young_professional,employed,5301,stable,356,136710.59,5527.95,1500.35,965.78,False,emergency_fund,0.0,-90.09,104.28,28.3,-4775.56,0,critical
d87c55d9-c508-49d8-b022-aff4ada6c6b0,2,2,0,urban,empty_nesters,employed,8278,stable,593,259217.41,11668.49,1655.05,1213.83,True,retirement,0.0,-91.85,140.96,19.99,-7603.01,0,critical
f128a58b-7c8f-4452-808f-aaaee711f4bf,3,2,1,urban,young_family,employed,5705,variable,435,161338.56,5415.25,2060.3,570.77,True,home,0.0,-74.1,94.92,36.11,-4227.33,0,critical
6ed40900-7527-49f9-8a66-96c94466490d,2,2,0,suburban,empty_nesters,employed,10930,stable,689,171247.85,2914.48,2984.67,2162.58,True,retirement,4.29,22.28,26.66,27.31,2435.45,70,low
b356984f-72e5-4d3b-90bd-900412136681,1,1,0,rural,young_professional,employed,3222,variable,473,63507.7,2794.33,906.73,597.81,True,emergency_fund,0.0,-54.19,86.73,28.14,-1745.93,0,critical
5a9ad044-519a-4ddc-b97f-b1cb14fac456,1,1,0,urban,young_professional,employed,6676,seasonal,562,162716.99,7882.51,1175.75,435.04,True,emergency_fund,0.0,-68.93,118.07,17.61,-4601.78,0,critical
aa7d21ff-e6a2-465b-9a7f-13a61ac4c502,3,2,1,suburban,young_family,employed,6762,variable,595,174354.36,4800.05,2457.26,616.11,True,home,0.0,-40.56,70.99,36.34,-2742.7,0,critical
e459b875-b384-4f35-bfef-2b65872950f2,2,2,0,suburban,empty_nesters,employed,8670,stable,576,74414.77,2062.87,3424.25,655.26,True,retirement,0.0,-0.2,23.79,39.5,-16.98,23,high
6cdf27c0-4bf8-4dbc-a858-a64ac38e4ef9,4,2,2,suburban,young_family,employed,7330,stable,639,130031.99,3049.56,2675.61,1370.82,True,home,0.0,-25.84,41.6,36.5,-1894.34,0,critical
cdfc553f-148d-434d-9004-712eb7202d21,4,2,2,rural,young_family,employed,6328,stable,550,86733.21,2694.27,1869.84,872.98,True,home,0.0,-42.49,42.58,29.55,-2688.76,0,critical
be2b1566-f7c1-4740-925b-68a4b64ac0c7,2,2,0,rural,retiree,retired,3587,stable,374,1315.93,48.78,1161.22,249.77,True,other,0.59,3.24,1.36,32.37,116.2,51,medium
7549e717-4db6-46c5-b26f-e9fc2ddf9196,5,2,3,suburban,established_family,employed,12883,stable,788,391732.23,5176.92,5756.89,2440.66,True,retirement,0.0,-18.04,40.18,44.69,-2324.0,0,critical
5d12b84e-40f8-4e72-b403-3c5b9f1132ad,1,1,0,suburban,young_professional,employed,6966,variable,501,16743.98,716.81,1560.26,951.75,True,emergency_fund,9.54,35.17,10.29,22.4,2450.04,90,none
36d9d5ac-ef6f-4e98-b59f-fd462ee53ebb,2,2,0,urban,empty_nesters,employed,7781,stable,549,279522.45,8729.81,1511.33,473.27,True,retirement,0.0,-74.12,112.19,19.42,-5767.59,0,critical
cc469cee-6718-4faf-b146-1f9cf76cb1a5,2,2,0,suburban,empty_nesters,employed,11595,variable,749,339965.38,8531.4,3047.55,1941.56,True,retirement,0.0,-16.59,73.58,26.28,-1923.67,0,critical
ad8d7d63-2c95-43bb-9a61-a1bfd4e2d9e4,4,2,2,urban,young_family,employed,6275,variable,430,219267.97,4029.59,1769.91,589.78,True,home,0.0,-74.19,64.22,28.21,-4655.44,0,critical
8a140fc2-c12c-4ead-946a-8ec8f73a866b,1,1,0,rural,young_professional,employed,3775,stable,411,101074.26,3827.35,904.6,336.59,True,emergency_fund,0.0,-69.3,101.39,23.96,-2616.2,0,critical
9005b0ac-6031-4a92-8a77-4443aba42721,1,1,0,urban,young_professional,employed,5960,stable,519,107496.99,4219.33,1620.04,994.32,True,emergency_fund,0.0,-27.86,70.79,27.18,-1660.69,0,critical
82cdbbef-5cee-41ea-8a16-e58d9388da8b,4,2,2,rural,young_family,employed,5143,stable,476,64781.2,1105.98,771.45,625.08,True,home,0.0,-2.79,21.5,15.0,-143.68,20,high
3d70cdcf-7817-409a-aef3-618619abf7a8,2,2,0,suburban,empty_nesters,employed,10758,stable,656,61589.16,1779.7,1613.7,623.69,True,retirement,11.25,37.88,16.54,15.0,4074.73,84,none
e1e6b113-b964-4d89-bf3c-7167fe3b5083,3,2,1,rural,young_family,employed,8611,stable,602,222546.28,10528.72,2034.68,1505.59,False,home,0.0,-94.5,122.27,23.63,-8137.45,0,critical
735326c6-af2d-423c-9f8e-a41700edc366,5,2,3,urban,established_family,employed,13565,stable,850,11219.81,312.13,2034.75,1149.04,True,retirement,16.59,55.72,2.3,15.0,7558.19,97,none
9e63bc39-e3a0-419d-8884-a1bad8fb72de,1,1,0,suburban,young_professional,employed,5427,seasonal,518,111745.28,1267.98,960.16,556.63,True,emergency_fund,4.41,20.37,23.36,17.69,1105.52,73,low
def1d6ee-1506-4c10-b09a-bcf7eacbe574,2,2,0,urban,retiree,retired,5360,seasonal,503,11428.93,435.11,2369.22,482.94,True,other,1.78,10.79,8.12,44.2,578.19,63,low
6aab09d6-fbdd-48b4-9b4a-89c8131a0398,1,1,0,urban,young_professional,employed,5149,stable,365,65558.52,2897.06,1817.13,516.31,True,emergency_fund,0.0,-33.71,56.26,35.29,-1735.52,0,critical
91074a04-8f7c-44b0-a63f-481b3d379840,1,1,0,rural,young_professional,employed,3043,stable,304,103078.13,4507.94,456.45,313.42,True,emergency_fund,0.0,-123.95,148.14,15.0,-3771.73,0,critical
2f81b157-b6b2-4d23-81ff-13e5368c0bdd,6,2,4,suburban,established_family,employed,10951,stable,798,259717.84,9355.7,3854.96,984.64,False,retirement,0.0,-70.01,85.43,35.2,-7666.71,0,critical
7ba85c29-1ca9-4e05-ae00-6cb251d4922d,6,2,4,urban,established_family,employed,11510,variable,850,186732.56,2765.41,3938.53,621.5,True,retirement,0.11,0.83,24.03,34.22,95.06,25,high
62a3f81c-ab57-4ad8-980d-a59d231e3c38,1,1,0,urban,young_professional,employed,4393,stable,532,5352.58,67.75,1193.68,507.07,True,emergency_fund,7.56,29.58,1.54,27.17,1299.34,98,none
f09f9641-8b80-4a70-98b1-2b7ecdf9b532,1,1,0,urban,young_professional,employed,5650,stable,524,156509.21,2532.92,1273.54,901.24,True,emergency_fund,0.0,-18.11,44.83,22.54,-1023.3,0,critical
02a356b8-db3b-4d68-b50e-03f64b6381ba,2,2,0,urban,empty_nesters,employed,8184,stable,490,46184.78,2286.48,2648.09,1568.16,True,retirement,2.16,12.83,27.94,32.36,1050.1,49,medium
6cb6c6ea-ea80-420a-a95f-10673ba1ff51,2,2,0,urban,retiree,retired,4182,stable,520,3770.68,92.23,638.79,637.19,True,other,8.68,29.16,2.21,15.27,1219.35,97,none
4ac4b988-10b0-4c3e-afde-e04066917b29,4,2,2,suburban,established_family,employed,13938,stable,780,374153.27,18564.25,2525.5,2091.76,True,retirement,0.0,-78.09,133.19,18.12,-10884.54,0,critical
fa303937-fc51-4ccd-a532-7c304130fcb2,1,1,0,suburban,young_professional,employed,5200,stable,405,149399.81,7325.97,2600.0,494.99,True,emergency_fund,0.0,-123.12,140.88,50.0,-6402.45,0,critical
db78b433-850e-48ba-a07d-2febf719bed2,4,2,2,urban,young_family,employed,7307,stable,548,229152.39,11452.12,3351.68,1458.88,True,home,0.0,-151.0,156.73,45.87,-11033.76,0,critical
fa8cc2b6-66a2-44e8-9610-8f356ea388db,2,2,0,rural,retiree,retired,3657,stable,358,23966.56,241.04,717.89,203.93,True,other,4.68,22.27,6.59,19.63,814.4,90,none
5af60d01-a77e-4d77-a31a-6588a396a4cb,1,1,0,suburban,young_professional,employed,5847,stable,593,45593.61,2094.55,877.05,906.54,True,emergency_fund,4.04,22.53,35.82,15.0,1317.36,61,low
34052c60-9cba-4265-9fe5-13c62279de07,4,2,2,suburban,established_family,employed,10388,seasonal,706,71657.53,1562.46,4432.41,681.11,True,retirement,1.65,11.34,15.04,42.67,1178.51,57,medium
6220c00b-6173-482c-acff-e22a84b62b99,3,2,1,suburban,young_family,employed,7521,stable,569,182782.01,8035.28,3760.5,599.7,True,home,0.0,-101.81,106.84,50.0,-7656.91,0,critical
97503a36-e134-4065-bffc-0e6d8a7319ae,1,1,0,urban,retiree,retired,5944,variable,590,4611.31,117.11,2558.72,944.12,False,other,4.34,21.48,1.97,43.05,1276.68,93,none
67a47450-7fdd-4ede-b1d4-c1eb6a7493fb,5,2,3,urban,established_family,employed,11560,stable,787,52341.94,1733.35,4070.57,1046.87,True,retirement,1.75,11.21,14.99,35.21,1295.91,57,medium
44c5ab2a-a6b6-48a1-af51-b3c91e2e963f,2,2,0,urban,empty_nesters,employed,7166,stable,679,151473.52,3331.65,2561.42,1041.62,True,retirement,0.0,-8.75,46.49,35.74,-627.16,0,critical
1faef765-f835-42f7-aaa7-a0586559ca26,3,2,1,urban,young_family,employed,5627,variable,430,148624.87,5096.4,1133.77,632.76,True,home,0.0,-80.63,90.57,20.15,-4537.02,0,critical
d8b39b12-f1e6-40f2-9827-4e730346f3ae,3,2,1,urban,young_family,employed,9227,stable,796,41180.47,1599.01,3339.69,1809.86,True,home,2.9,17.61,17.33,36.19,1624.93,70,low
c6c4e330-11c7-4f44-87b2-d2436ddc2899,1,1,0,urban,young_professional,employed,4490,stable,509,137733.88,3179.02,1754.75,278.41,True,emergency_fund,0.0,-60.73,70.8,39.08,-2726.57,0,critical
81f52c0b-1a46-4e36-955b-5f37773b5156,2,2,0,urban,empty_nesters,employed,9899,stable,728,225034.16,10297.42,3324.46,817.82,True,retirement,0.0,-55.23,104.02,33.58,-5466.78,0,critical
283bb7db-94c4-47fa-92c4-51d3184a20dd,5,2,3,suburban,established_family,employed,13861,stable,850,334032.25,5426.88,4830.78,918.33,False,retirement,0.0,-6.95,39.15,34.85,-963.9,0,critical
444a8dc3-e500-487d-8fa9-0b8854ae36a7,1,1,0,urban,young_professional,employed,5993,stable,466,61763.51,1170.7,1662.06,940.52,True,emergency_fund,4.94,24.49,19.53,27.73,1467.65,79,low
a448ec31-8839-476b-8dab-4820ff602481,3,2,1,urban,young_family,employed,5717,stable,300,180874.35,5877.1,2598.26,592.05,True,home,0.0,-90.6,102.8,45.45,-5179.72,0,critical
b0fb8fa7-0d82-489d-9273-1f6c6cd3f77e,3,2,1,suburban,young_family,employed,7375,variable,581,124863.53,6141.89,3278.28,888.45,True,home,0.0,-73.66,83.28,44.45,-5432.46,0,critical
9d151375-c4bb-48a1-808f-d518dc2eb9dc,4,2,2,urban,established_family,employed,8571,variable,569,306314.05,8196.2,2187.47,1572.01,True,retirement,0.0,-56.48,95.63,25.52,-4840.67,0,critical
36c55c6f-06a7-45c8-8802-934dd1c4c710,1,1,0,rural,young_professional,employed,5074,stable,438,111731.57,2385.47,1217.47,469.73,True,emergency_fund,0.0,-7.08,47.01,23.99,-359.16,0,critical
2c58942c-9508-4454-857e-d0ffc19d73f0,1,1,0,urban,young_professional,employed,4785,stable,522,154813.95,5503.3,1260.94,421.14,True,emergency_fund,0.0,-81.48,115.01,26.35,-3899.01,0,critical
2c42b152-c58c-46d4-98c4-64ac7e5c135d,4,2,2,suburban,established_family,employed,9740,stable,850,160851.16,2277.49,2674.88,1298.73,True,retirement,3.08,19.25,23.38,27.46,1874.85,68,low
40cc20e8-e3a6-4cac-bd33-bc3c35da30df,4,2,2,rural,established_family,employed,9759,stable,510,149877.29,4606.83,2834.04,590.41,False,retirement,0.0,-25.03,47.21,29.04,-2442.37,0,critical
626b2a22-05f8-4d37-ae66-1c97db8d2650,1,1,0,suburban,young_professional,employed,3749,stable,414,120387.95,2628.47,640.74,415.14,True,emergency_fund,0.0,-34.19,70.11,17.09,-1281.78,0,critical
c3b38fec-db58-48ce-bb2b-f999c26fd363,3,2,1,suburban,young_family,employed,8124,seasonal,647,112567.78,1474.62,2474.95,542.89,True,home,2.6,15.27,18.15,30.46,1240.35,64,low
42f82454-8fb4-49a5-aa95-30ca85bbcdb7,1,1,0,urban,young_professional,employed,5520,variable,471,130711.74,1319.36,1590.61,378.46,True,emergency_fund,0.0,-1.48,23.9,28.82,-81.79,21,high
8de378fc-6e6a-4aa9-a20e-cf6ea7703ffc,6,2,4,suburban,established_family,employed,14917,variable,850,225170.69,9911.43,4770.13,2123.88,True,retirement,0.0,-31.69,66.44,31.98,-4727.33,0,critical
9dd8938a-c436-4bd2-bfc2-eb8d4a12d907,1,1,0,urban,young_professional,employed,5785,variable,571,59536.1,2778.89,1819.08,824.19,True,emergency_fund,0.0,-0.56,48.04,31.44,-32.39,0,critical
d37197a6-c38c-47c7-aea9-3ff826ca637c,1,1,0,rural,young_professional,employed,5590,stable,492,96331.66,1630.17,1816.3,428.51,True,emergency_fund,0.51,3.16,29.16,32.49,176.73,26,high
ebb043cd-0ac8-410c-864c-1f0d09e7aeed,1,1,0,urban,young_professional,employed,4058,stable,440,91353.41,2619.32,608.7,536.92,False,emergency_fund,0.0,-34.93,64.55,15.0,-1417.52,0,critical
953b53eb-d33d-4025-a55c-2294c2f24c74,6,2,4,rural,established_family,employed,10997,stable,678,142781.42,4955.55,3334.3,1108.33,True,retirement,0.0,-35.19,45.06,30.32,-3869.51,0,critical
fede5b9c-43b0-4a33-825e-80656dc7cdae,4,2,2,rural,young_family,employed,9864,variable,647,116807.0,5607.31,3320.62,534.32,True,home,0.0,-22.3,56.85,33.66,-2199.58,0,critical
f99ee8f8-4031-4dc3-b0aa-816a6a34b69f,1,1,0,urban,retiree,retired,5542,stable,570,23881.12,272.89,2519.4,786.75,True,other,4.7,24.98,4.92,45.46,1384.66,91,none
d799b9ee-fdcb-43ed-b39e-7cfc15d845d7,3,2,1,rural,young_family,employed,8851,variable,597,20601.34,910.63,2243.37,1014.64,True,home,8.12,37.07,10.29,25.35,3281.46,90,none
38e262b1-cbf9-42ad-8d96-f5de2b89ae84,2,2,0,urban,empty_nesters,employed,9077,stable,513,10615.28,153.74,3458.19,1074.83,True,retirement,8.59,35.44,1.69,38.1,3216.7,98,none
1634a55e-7ecc-4406-ae67-64feaa7a7a0e,3,2,1,urban,young_family,employed,8642,variable,508,232202.6,10331.44,2004.24,1452.82,True,home,0.0,-76.11,119.55,23.19,-6577.8,0,critical
caa25cf6-01c0-47ed-81fc-cfefd6f01734,3,2,1,rural,young_family,employed,5081,stable,588,152366.54,4072.5,2054.11,564.74,True,home,0.0,-70.95,80.15,40.43,-3604.73,0,critical
44bb52e6-b818-48e6-a48c-91056a3b7d06,2,2,0,urban,empty_nesters,employed,10284,variable,707,327303.5,4192.08,4119.21,675.18,True,retirement,0.0,-3.84,40.76,40.05,-394.73,1,critical
c2141d47-e634-4627-a67a-52bd32a88d76,1,1,0,urban,young_professional,employed,3292,stable,370,86977.5,2347.38,856.71,466.06,True,emergency_fund,0.0,-43.59,71.31,26.02,-1434.95,0,critical
e7ae82ea-bdd2-474b-b812-c743e56858b5,4,2,2,suburban,young_family,employed,9821,stable,630,321456.88,5807.21,2004.24,1776.27,False,home,0.0,-24.55,59.13,20.41,-2410.76,0,critical
3a5c9c2c-ec06-4ba3-a3aa-22e4b0ac4216,3,2,1,urban,young_family,employed,6256,stable,498,2269.21,40.73,2304.39,838.23,True,home,4.5,24.01,0.65,36.83,1502.31,94,none
f8a61be3-fa8e-4734-a26e-67a4e8ede82b,3,2,1,urban,young_family,employed,6327,stable,514,109829.35,4664.03,2082.95,517.87,True,home,0.0,-53.88,73.72,32.92,-3408.95,0,critical
dffb0a83-8e42-404e-a711-ab7470c03d08,2,2,0,urban,retiree,retired,5058,stable,469,19674.16,594.67,1462.38,378.04,False,other,0.0,-4.79,11.76,28.91,-242.28,26,high
174db863-ff87-446d-bdd7-e83ba85c9995,6,2,4,urban,established_family,employed,9048,stable,588,191607.57,6419.06,3182.1,1118.97,True,retirement,0.0,-65.92,70.94,35.17,-5964.24,0,critical
2d437882-b802-4a1c-8e5d-a9ec5be24673,3,2,1,urban,young_family,employed,7891,variable,627,86580.68,1195.33,2493.82,593.98,False,home,2.65,16.16,15.15,31.6,1275.45,69,low
f6ba3011-574a-4b3a-8adc-51c20993542c,1,1,0,urban,retiree,retired,5627,stable,549,24677.35,385.32,1051.59,1024.89,True,other,13.7,44.78,6.85,18.69,2519.84,93,none
29612436-4220-434f-815c-aafbf2708bea,4,2,2,rural,established_family,employed,12874,stable,819,412620.24,4893.1,4640.8,1045.79,True,retirement,0.0,-0.7,38.01,36.05,-89.54,9,critical
034f005a-d10a-4499-a743-999c1811ea2a,3,2,1,urban,young_family,employed,7388,variable,518,54209.9,2692.63,1655.81,1148.93,True,home,1.48,9.94,36.45,22.41,734.45,34,high
d0f55167-612d-45eb-bb68-765419725b0b,2,2,0,suburban,retiree,retired,5750,stable,627,25048.61,908.65,1177.46,603.27,True,other,6.08,28.76,15.8,20.48,1653.89,85,none
ac3fc386-7597-4a0c-bd59-cd6644d0d822,4,2,2,urban,established_family,employed,10064,stable,618,51022.26,1108.84,3242.85,1219.25,True,retirement,4.18,23.2,11.02,32.22,2334.37,84,none
b6cf0096-8a68-4a41-956d-1526db70653a,4,2,2,urban,established_family,employed,9963,stable,633,347035.82,15554.72,2879.74,1344.24,True,retirement,0.0,-128.57,156.12,28.9,-12809.87,0,critical
4608a35e-fc44-4af9-891c-87883cf82c3c,1,1,0,urban,young_professional,employed,3660,seasonal,427,12229.42,302.01,1580.78,364.23,True,emergency_fund,0.0,-2.04,8.25,43.19,-74.7,34,high
d1e76f09-7c33-4366-8700-50a4a9ec514b,3,2,1,suburban,young_family,employed,6971,seasonal,683,7588.06,237.84,3406.5,1264.19,True,home,0.57,3.73,3.41,48.87,260.02,50,medium
ddbc6430-02f3-4daf-b988-54b35c9f96c2,1,1,0,rural,young_professional,employed,5942,variable,564,82206.48,1604.98,1740.55,703.96,True,emergency_fund,1.36,8.08,27.01,29.29,480.0,39,high
f1281cc0-bf7a-4dc2-8312-32adf533b7d8,2,2,0,suburban,empty_nesters,employed,10260,variable,577,12229.35,273.73,2547.27,1293.65,True,retirement,11.58,36.82,2.67,24.83,3777.43,97,none
4ccad637-9a57-4414-8d60-986833f6e6cf,3,2,1,urban,young_family,employed,5816,stable,445,63227.07,3122.42,1278.79,967.61,True,home,0.0,-46.9,53.69,21.99,-2727.55,0,critical
aa393e68-7a9a-46e5-b3e0-01b8fdd12919,3,2,1,urban,young_family,employed,7465,stable,746,116675.32,4887.54,2016.65,966.54,True,home,0.0,-19.69,65.47,27.01,-1470.2,0,critical
7b469147-5047-4010-8cea-e6e392ddd4f5,6,2,4,suburban,established_family,employed,9862,stable,682,63887.46,2886.57,1510.19,989.89,True,retirement,0.94,6.67,29.27,15.31,657.44,33,high
9146850a-888d-41a8-b4d5-718888c5f5e9,1,1,0,urban,young_professional,employed,3381,stable,494,82920.47,3036.97,1271.26,182.08,True,emergency_fund,0.0,-68.78,89.82,37.6,-2325.5,0,critical
751f001a-2f0d-4822-a884-77fcbcc8bd4d,1,1,0,rural,young_professional,employed,4782,stable,427,109614.45,5021.98,1596.77,480.27,True,emergency_fund,0.0,-83.48,105.02,33.39,-3991.99,0,critical
f74da6ab-1af4-4d97-895c-2c96b17dc81c,6,2,4,suburban,established_family,employed,14036,variable,850,30037.41,1125.54,3892.71,893.9,False,retirement,4.27,24.24,8.02,27.73,3402.3,87,none
cbe9328c-a156-4f86-9a9a-9cb04afc8052,2,2,0,urban,retiree,retired,2555,stable,540,11304.95,226.58,383.25,246.01,True,other,4.59,24.41,8.87,15.0,623.64,87,none
63b47564-4fb3-456a-8381-72bc3ccf8d95,2,2,0,rural,empty_nesters,employed,7936,stable,636,53861.56,2511.54,2159.15,1474.28,False,retirement,1.11,6.75,31.65,27.21,535.9,32,high
179872a5-6a2e-4fdb-b76f-4368ea58c37d,2,2,0,suburban,empty_nesters,employed,9191,variable,568,10339.91,321.17,3327.89,748.11,True,retirement,6.07,26.0,3.49,36.21,2389.56,96,none
77f4176d-08f8-4c9c-9468-4501716f81f9,1,1,0,urban,retiree,retired,5520,stable,432,26004.31,976.51,2065.04,795.72,True,other,3.58,19.99,17.69,37.41,1103.26,76,low
80d874f0-6e8a-491a-bbf8-ea71fc7e573c,2,2,0,suburban,empty_nesters,employed,9027,stable,734,290770.56,7629.52,2675.91,1485.73,True,retirement,0.0,-43.88,84.52,29.64,-3961.37,0,critical
c7975608-fce4-4bfd-a21a-2d79071c7cd8,5,2,3,rural,established_family,employed,13876,stable,757,206998.92,6051.49,2322.37,1362.4,False,retirement,0.0,-3.98,43.61,16.74,-552.94,0,critical
3426d131-83c6-42e7-9d9d-aeb5e36f0c86,6,2,4,urban,established_family,employed,10571,seasonal,710,182920.71,8482.55,2512.98,1553.16,True,retirement,0.0,-53.82,80.24,23.77,-5689.32,0,critical
e76e0abe-de69-4d90-9f56-4e54571d37a3,2,2,0,urban,empty_nesters,employed,7947,stable,601,62765.19,1034.35,2205.76,1373.17,True,retirement,7.25,32.34,13.02,27.76,2570.35,88,none
a3679eaa-a946-4d32-8661-4d27a97e18eb,1,1,0,rural,young_professional,employed,5847,stable,439,124267.53,1591.17,1916.12,653.27,True,emergency_fund,1.18,7.21,27.21,32.77,421.54,37,high
ee6b96de-1abf-4eab-8ecc-1d9a7de05924,3,2,1,urban,young_family,employed,6396,variable,579,180805.0,2517.9,2313.61,1191.12,True,home,0.0,-23.4,39.37,36.17,-1496.82,0,critical
52fda045-2d92-47ae-8bdf-dd770da6ecd9,4,2,2,urban,young_family,employed,9218,stable,613,165755.02,3464.94,2997.92,1729.5,True,home,0.0,-17.86,37.59,32.52,-1646.58,0,critical
a980d7eb-8e14-4970-974f-60561b0c19d7,4,2,2,suburban,established_family,employed,8921,stable,606,97296.53,4851.73,1338.15,953.56,True,retirement,0.0,-24.63,54.39,15.0,-2196.88,0,critical
0476d812-9160-4525-94c2-d85c64cb9638,3,2,1,rural,young_family,employed,9537,stable,691,93373.24,3045.07,3894.46,1817.8,True,home,0.0,-2.34,31.93,40.84,-223.44,12,critical
